Name,Price,Quantity
Muffin - Banana Nut Individual,89,1
Coriander - Seed,92,2
Sausage - Liver,10,3
"Juice - Apple, 341 Ml",79,4
Oil - Safflower,47,5
Cleaner - Comet,11,6
"Wine - Red, Antinori Santa",33,7
Table Cloth 91x91 Colour,38,8
Capers - Pickled,52,9
Tuna - Fresh,54,10
Squid Ink,15,11
Bagelers,89,12
"Veal - Tenderloin, Untrimmed",85,13
"Capon - Breast, Wing On",38,14
"Doilies - 10, Paper",6,15
Lettuce - Treviso,32,16
Amaretto,65,17
Pork - Back Ribs,77,18
Chocolate - Semi Sweet,48,19
"Turkey - Breast, Boneless Sk On",99,20
Soup - Verve - Chipotle Chicken,50,21
Magnotta - Bel Paese White,92,22
Spice - Greek 1 Step,94,23
Cheese - Parmesan Grated,82,24
Beef - Prime Rib Aaa,81,25
"Salmon - Atlantic, No Skin",63,26
Bread - Dark Rye,43,27
Octopus,19,28
Smoked Paprika,87,29
Ham Black Forest,6,30
Bouillion - Fish,2,31
Sachet,17,32
Sauce - Balsamic Viniagrette,82,33
Beef - Top Sirloin - Aaa,14,34
Sole - Fillet,18,35
Chips - Miss Vickies,82,36
Bread - 10 Grain,77,37
Mackerel Whole Fresh,58,38
Vodka - Moskovskaya,28,39
Wine - Vidal Icewine Magnotta,63,40
Squash - Butternut,95,41
Pastry - Apple Large,12,42
"Napkin - Beverge, White 2 - Ply",44,43
Wine - Alsace Gewurztraminer,61,44
Cattail Hearts,54,45
Devonshire Cream,93,46
Salmon Steak - Cohoe 8 Oz,26,47
Sage - Fresh,34,48
"Oil - Olive, Extra Virgin",62,49
Sobe - Berry Energy,20,50
Sachet,60,51
Filling - Mince Meat,20,52
Paste - Black Olive,17,53
Cheese - Roquefort Pappillon,90,54
Gherkin - Sour,8,55
Food Colouring - Orange,90,56
"Pork - Sausage, Medium",87,57
Cheese - Goat,20,58
Juice - Ocean Spray Kiwi,10,59
Horseradish Root,62,60
Flavouring Vanilla Artificial,39,61
Beets - Pickled,25,62
Maintenance Removal Charge,100,63
Breadfruit,56,64
"Soup - Beef, Base Mix",58,65
Soup - Cream Of Broccoli,15,66
Aspic - Clear,53,67
Beans - Fava Fresh,91,68
Flour - Semolina,70,69
Gooseberry,76,70
Apricots - Halves,65,71
Wine - Prosecco Valdobiaddene,11,72
Pepper - Chilli Seeds Mild,20,73
Goat - Whole Cut,79,74
The Pop Shoppe - Root Beer,100,75
Wine - Lou Black Shiraz,19,76
Carbonated Water - Lemon Lime,76,77
"Lemonade - Strawberry, 591 Ml",13,78
Containter - 3oz Microwave Rect.,65,79
Salmon Atl.whole 8 - 10 Lb,11,80
Cheese - St. Paulin,91,81
Mikes Hard Lemonade,55,82
Steam Pan Full Lid,22,83
"Juice - Orange, 341 Ml",9,84
Potatoes - Mini Red,58,85
Juice - Lime,26,86
Mushroom - Porcini Frozen,20,87
Pur Source,66,88
Wine - Malbec Trapiche Reserve,20,89
"Salmon - Whole, 4 - 6 Pounds",71,90
Graham Cracker Mix,14,91
"Wine - White, Schroder And Schyl",62,92
Tofu - Firm,44,93
"Beef - Roasted, Cooked",77,94
Cheese - Comtomme,7,95
Pork Loin Bine - In Frenched,21,96
Yoghurt Tubes,73,97
Mussels - Cultivated,35,98
Foam Tray S2,85,99
"Soup - Knorr, Country Bean",98,100
Smoked Tongue,38,101
Kohlrabi,9,102
Shrimp - Tiger 21/25,22,103
Sugar - Brown,11,104
Soup Campbells Split Pea And Ham,70,105
Energy Drink - Franks Pineapple,49,106
Energy Drink Red Bull,71,107
Coffee - Dark Roast,80,108
Dawn Professionl Pot And Pan,60,109
Ostrich - Fan Fillet,45,110
"Rice Pilaf, Dry,package",91,111
Canadian Emmenthal,98,112
Appetizer - Mango Chevre,82,113
Pork - Shoulder,88,114
Roe - Flying Fish,80,115
Pie Shells 10,45,116
Nutmeg - Ground,76,117
Rice - Jasmine Sented,95,118
Ham - Cooked Italian,51,119
Soup - Campbellschix Stew,45,120
Salmon Atl.whole 8 - 10 Lb,92,121
Table Cloth 53x69 White,23,122
Vinegar - Sherry,26,123
"Pork - Tenderloin, Frozen",92,124
Milk 2% 500 Ml,90,125
Calypso - Lemonade,62,126
Flour - Strong,28,127
Tofu - Firm,36,128
Soup Campbells,39,129
Wine - Chablis 2003 Champs,78,130
"Soup - Campbells, Chix Gumbo",80,131
Muffin Hinge Container 6,64,132
Calypso - Lemonade,21,133
Pastry - Banana Muffin - Mini,59,134
Creme De Menthe Green,7,135
Buffalo - Striploin,77,136
Pepper - Green,59,137
Cinnamon Rolls,81,138
Nantucket - Pomegranate Pear,45,139
Sauce - Hollandaise,44,140
Rhubarb,22,141
Wine - Chardonnay Mondavi,44,142
"Bread - Pumpernickle, Rounds",98,143
"Corn - Cream, Canned",61,144
Bread Base - Gold Formel,16,145
"Pepper - Julienne, Frozen",81,146
Containter - 3oz Microwave Rect.,28,147
Wine - Magnotta - Pinot Gris Sr,100,148
Eggplant - Baby,81,149
"Sugar - Sweet N Low, Individual",20,150
Tobasco Sauce,4,151
Pur Source,5,152
Cheese - Swiss,45,153
Energy Drink - Redbull 355ml,76,154
Bagelers,56,155
"Tortillas - Flour, 10",42,156
Garlic,84,157
Cheese - La Sauvagine,38,158
Crackers - Soda / Saltins,63,159
Oil - Safflower,47,160
Potatoes - Peeled,5,161
Pork - Bacon Cooked Slcd,41,162
"Iced Tea - Lemon, 340ml",95,163
Corn Shoots,56,164
Tea - Lemon Green Tea,6,165
Pasta - Angel Hair,64,166
Chinese Foods - Thick Noodles,37,167
Sobe - Cranberry Grapefruit,95,168
"Garlic - Primerba, Paste",79,169
Cup - Paper 10oz 92959,23,170
Scallop - St. Jaques,3,171
Soho Lychee Liqueur,25,172
"Syrup - Monin, Amaretta",43,173
Irish Cream - Butterscotch,97,174
"Doilies - 8, Paper",69,175
Beer - Fruli,38,176
Kolrabi,49,177
Barramundi,25,178
Wine - Port Late Bottled Vintage,17,179
"Seedlings - Buckwheat, Organic",22,180
Beer - Camerons Cream Ale,77,181
Caviar - Salmon,89,182
Lid Coffee Cup 8oz Blk,47,183
Guinea Fowl,52,184
"Bread - Roll, Whole Wheat",69,185
Cookie Dough - Peanut Butter,56,186
"Soup - Beef, Base Mix",75,187
"Cheese - Mozzarella, Buffalo",94,188
Persimmons,73,189
Corn Syrup,66,190
Bagelers,8,191
Glucose,24,192
Bread - French Stick,42,193
Mushroom - Chanterelle Frozen,15,194
Shiratamako - Rice Flour,46,195
Alize Gold Passion,66,196
Cheese - St. Andre,88,197
Pickles - Gherkins,86,198
Wine - Rioja Campo Viejo,13,199
Tea - Herbal Sweet Dreams,31,200
Aspic - Amber,35,201
Bread - Pain Au Liat X12,74,202
Soup - Verve - Chipotle Chicken,48,203
Paper - Brown Paper Mini Cups,19,204
Tea - Mint,5,205
Tomatoes - Grape,44,206
Scampi Tail,88,207
Wine - Two Oceans Sauvignon,85,208
Mikes Hard Lemonade,10,209
"Beans - Fava, Canned",80,210
Green Scrubbie Pad H.duty,49,211
"Beef - Bones, Cut - Up",7,212
Chinese Foods - Chicken,38,213
Potatoes - Idaho 80 Count,21,214
Longos - Penne With Pesto,77,215
Island Oasis - Pina Colada,59,216
Bread Bowl Plain,8,217
Puff Pastry - Slab,44,218
"Corn - Cream, Canned",87,219
"Bread - Pita, Mini",88,220
Dried Cherries,56,221
Worcestershire Sauce,97,222
Chocolate - Compound Coating,58,223
Wine - Shiraz South Eastern,67,224
Beer - Muskoka Cream Ale,30,225
"Soup - Campbells, Creamy",54,226
Crackers - Trio,2,227
"Crab - Dungeness, Whole",49,228
Orange Roughy 4/6 Oz,91,229
"Crab - Back Fin Meat, Canned",85,230
Irish Cream - Baileys,20,231
"Beef - Outside, Round",25,232
Grapes - Green,85,233
Jagermeister,20,234
Appetizer - Chicken Satay,40,235
Chicken - Soup Base,11,236
Silicone Paper 16.5x24,23,237
Noodles - Steamed Chow Mein,62,238
Sugar - Palm,71,239
Compound - Mocha,51,240
Food Colouring - Green,47,241
"Bread - Dark Rye, Loaf",34,242
Cheese - Sheep Milk,2,243
Oyster - In Shell,36,244
"Soup - Campbells, Spinach Crm",27,245
"Sauce - Apple, Unsweetened",72,246
Bread - Olive Dinner Roll,90,247
Persimmons,84,248
Initation Crab Meat,94,249
Bread - Rye,59,250
Mix Pina Colada,85,251
"Mushroom - Porcini, Dry",15,252
Versatainer Nc - 888,39,253
Cake - Cake Sheet Macaroon,55,254
Butter Ripple - Phillips,11,255
Chutney Sauce,25,256
Pur Source,19,257
Water - Perrier,56,258
Flower - Commercial Bronze,5,259
Beer - Heinekin,30,260
"Juice - Tomato, 10 Oz",65,261
Sping Loaded Cup Dispenser,53,262
Sole - Fillet,52,263
Sambuca Cream,58,264
Pepper - Red Bell,79,265
Eggplant - Regular,85,266
Wine - Lamancha Do Crianza,91,267
Beef - Top Sirloin - Aaa,3,268
Veal - Nuckle,94,269
Bread Bowl Plain,60,270
"Bread - Roll, Whole Wheat",72,271
Cheese - Shred Cheddar / Mozza,72,272
Cheese - St. Andre,39,273
Dip - Tapenade,51,274
Sauce - Soy Low Sodium - 3.87l,91,275
Fudge - Cream Fudge,3,276
Kiwano,35,277
"Pepper - Paprika, Spanish",60,278
Longos - Lasagna Beef,12,279
Quiche Assorted,90,280
"Turkey - Whole, Fresh",49,281
Paper - Brown Paper Mini Cups,33,282
Paper Towel Touchless,89,283
Octopus,42,284
Soap - Mr.clean Floor Soap,79,285
"Chicken - Thigh, Bone In",33,286
Pepper - Green,66,287
Wine - Carmenere Casillero Del,66,288
Oven Mitts 17 Inch,55,289
Chicken - Ground,90,290
"Tortillas - Flour, 10",43,291
Avocado,90,292
Pork - Back Ribs,78,293
Tea Leaves - Oolong,18,294
Buffalo - Tenderloin,53,295
Loquat,18,296
Zucchini - Green,89,297
Longos - Grilled Salmon With Bbq,52,298
Plaintain,40,299
Yogurt - Plain,26,300
Pepper - Cayenne,61,301
Pepper - Green,72,302
Cheese - Swiss Sliced,44,303
Papayas,32,304
Aspic - Clear,11,305
Croissants Thaw And Serve,31,306
Broom - Push,54,307
Wine - Soave Folonari,55,308
Wine - Mondavi Coastal Private,97,309
Pomegranates,50,310
Lamb Rack Frenched Australian,46,311
Flour - Fast / Rapid,14,312
Coriander - Seed,44,313
"Soup - Campbells, Cream Of",4,314
Bag - Regular Kraft 20 Lb,3,315
"Tea - Darjeeling, Azzura",16,316
"Bar Mix - Pina Colada, 355 Ml",80,317
Tea - Vanilla Chai,54,318
Water - Perrier,12,319
Cleaner - Bleach,72,320
Pie Shell - 5,10,321
Bacardi Breezer - Tropical,47,322
Chocolate - Mi - Amere Semi,37,323
Wine - Champagne Brut Veuve,82,324
"Soup - Campbells, Beef Barley",12,325
Beer - Original Organic Lager,56,326
"Tortillas - Flour, 10",95,327
"Pasta - Fettuccine, Egg, Fresh",13,328
Chef Hat 20cm,38,329
Soup - Campbells Asian Noodle,18,330
Yeast Dry - Fermipan,57,331
Chicken - Whole Roasting,67,332
Pork - Smoked Kassler,14,333
Table Cloth 54x72 White,99,334
Brandy Apricot,17,335
Tart - Butter Plain Squares,77,336
Tia Maria,90,337
Dill Weed - Dry,51,338
Heavy Duty Dust Pan,89,339
"Pork - Bacon, Sliced",8,340
"Halibut - Whole, Fresh",64,341
Dried Apple,5,342
Lidsoupcont Rp12dn,72,343
Buffalo - Striploin,31,344
Tarragon - Fresh,20,345
Soup - Campbells Bean Medley,18,346
Tofu - Firm,98,347
Longos - Chicken Curried,11,348
Cookies - Assorted,33,349
Mushroom - Lg - Cello,30,350
Cheese - Parmesan Cubes,90,351
"Vodka - Hot, Lnferno",5,352
Ham - Proscuitto,57,353
Neckerchief Blck,48,354
Cod - Black Whole Fillet,19,355
Juice - Orange,47,356
"Wine - Red, Cabernet Merlot",19,357
Pastry - Baked Scones - Mini,93,358
Sauce - Plum,49,359
Ice Cream Bar - Hagen Daz,19,360
Apple - Custard,49,361
Tomato Puree,47,362
Langers - Ruby Red Grapfruit,60,363
Tamarillo,25,364
Sprouts - Alfalfa,34,365
Isomalt,16,366
Water - San Pellegrino,13,367
Peppercorns - Green,74,368
Olives - Kalamata,72,369
Wine - Cotes Du Rhone,57,370
Pastry - Apple Muffins - Mini,45,371
Bread Fig And Almond,68,372
Scallops - Live In Shell,12,373
Grouper - Fresh,11,374
Vinegar - Sherry,10,375
"Garlic - Primerba, Paste",61,376
French Pastries,46,377
Sprouts - Onion,32,378
Beer - Labatt Blue,73,379
Milk - 2% 250 Ml,75,380
Bols Melon Liqueur,53,381
Towels - Paper / Kraft,35,382
Cheese - Parmesan Cubes,79,383
Onions - Spanish,13,384
Wine - Valpolicella Masi,95,385
Wine - Stoneliegh Sauvignon,98,386
Carbonated Water - Peach,62,387
Cookies Almond Hazelnut,5,388
Pepper - Cayenne,41,389
"Champagne - Brights, Dry",49,390
Vodka - Smirnoff,10,391
"Seedlings - Buckwheat, Organic",92,392
Straws - Cocktale,63,393
Pastry - Plain Baked Croissant,100,394
Plasticknivesblack,41,395
Dill Weed - Fresh,30,396
Ecolab Digiclean Mild Fm,67,397
Pears - Fiorelle,13,398
Wine - Fume Blanc Fetzer,65,399
Chocolate - Unsweetened,79,400
Grand Marnier,75,401
"Nut - Hazelnut, Whole",72,402
Wine - Cousino Macul Antiguas,88,403
Apple - Custard,74,404
Daikon Radish,37,405
"Lamb - Leg, Diced",38,406
Beef - Top Sirloin - Aaa,41,407
Lighter - Bbq,64,408
Lamb - Whole Head Off,70,409
Cocoa Powder - Natural,75,410
Sprouts Dikon,100,411
Pepper - Chilli Seeds Mild,40,412
"Pasta - Penne Primavera, Single",67,413
"Lentils - Green, Dry",54,414
Sword Pick Asst,11,415
Beef - Salted,42,416
"Soup - Knorr, Veg / Beef",19,417
Pie Shell - 9,17,418
Swordfish Loin Portions,29,419
Sorrel - Fresh,78,420
Mcgillicuddy Vanilla Schnap,89,421
Foil Cont Round,72,422
Wine - Sogrape Mateus Rose,2,423
Cheese - Cheddarsliced,69,424
Lamb Tenderloin Nz Fr,34,425
Sauce - Thousand Island,15,426
Scallops - In Shell,51,427
Cloves - Ground,96,428
Flour - Bread,22,429
Salt And Pepper Mix - White,40,430
"Pasta - Cappellini, Dry",75,431
Jameson - Irish Whiskey,77,432
Chocolate - Dark,64,433
Wine - Vovray Sec Domaine Huet,26,434
Oil - Macadamia,32,435
Soup - Campbells Mac N Cheese,93,436
Wine - Cava Aria Estate Brut,81,437
"Lid - Translucent, 3.5 And 6 Oz",67,438
Soup - Campbells Pasta Fagioli,61,439
Towels - Paper / Kraft,61,440
Wine - Vidal Icewine Magnotta,36,441
Juice - Mango,12,442
Mace,93,443
Beer - Maudite,64,444
Wine - Baron De Rothschild,16,445
Nantucket Pine Orangebanana,35,446
"Quail - Eggs, Fresh",27,447
Cranberries - Fresh,37,448
Pate - Peppercorn,65,449
Skirt - 29 Foot,49,450
Silicone Parch. 16.3x24.3,6,451
Crab - Soft Shell,1,452
Compound - Mocha,97,453
Southern Comfort,57,454
"Tomatoes - Plum, Canned",39,455
"Seedlings - Buckwheat, Organic",14,456
Foil Cont Round,59,457
Cheese - Asiago,90,458
Food Colouring - Green,28,459
"Stock - Beef, Brown",61,460
Danishes - Mini Cheese,73,461
Duck - Legs,79,462
Sprouts - China Rose,7,463
Amarula Cream,70,464
Wine - Casablanca Valley,32,465
Muffin Mix - Blueberry,98,466
Soup Campbells - Tomato Bisque,100,467
Ecolab Silver Fusion,66,468
"Potatoes - Purple, Organic",68,469
Blueberries - Frozen,51,470
Jameson Irish Whiskey,36,471
"Beef - Baby, Liver",15,472
Cookie Trail Mix,63,473
Whmis - Spray Bottle Trigger,44,474
Wine - Hardys Bankside Shiraz,62,475
Ecolab - Medallion,43,476
Cheese - Taleggio D.o.p.,57,477
Pastry - Raisin Muffin - Mini,82,478
Onion Powder,17,479
Cups 10oz Trans,46,480
Butter Sweet,40,481
"Rosemary - Primerba, Paste",48,482
Petite Baguette,85,483
French Pastry - Mini Chocolate,17,484
Sausage - Chorizo,33,485
Poppy Seed,42,486
"Beef - Ox Tail, Frozen",34,487
Beef - Kobe Striploin,25,488
Truffle - Whole Black Peeled,74,489
Pork - Liver,23,490
Appetizer - Tarragon Chicken,80,491
Rabbit - Saddles,63,492
Cheese - Grana Padano,63,493
Gatorade - Orange,71,494
Ice Cream Bar - Oreo Sandwich,78,495
"Napkin - Beverge, White 2 - Ply",10,496
Scallops 60/80 Iqf,50,497
Croissants Thaw And Serve,60,498
Cookies - Assorted,98,499
Pork - Sausage Casing,54,500
Juice - Apple 284ml,38,501
Bread - Hot Dog Buns,41,502
Cheese - Valancey,42,503
Oil - Olive Bertolli,52,504
Bread - Raisin,44,505
Pimento - Canned,60,506
Wine - Cabernet Sauvignon,34,507
Table Cloth 54x54 White,57,508
Brandy Cherry - Mcguinness,55,509
Muffin Mix - Carrot,24,510
Salami - Genova,82,511
Nantucket Orange Juice,14,512
Corn Syrup,86,513
Wine - Chablis 2003 Champs,25,514
Oregano - Fresh,7,515
Bread - Pumpernickel,38,516
Juice - Lime,83,517
"Pork - Tenderloin, Frozen",6,518
Cookie Trail Mix,11,519
Yokaline,68,520
Veal - Heart,24,521
Steampan - Half Size Shallow,72,522
Carrots - Jumbo,51,523
Galliano,69,524
Kahlua,31,525
Muffin - Bran Ind Wrpd,21,526
Chickhen - Chicken Phyllo,32,527
Wine - Charddonnay Errazuriz,71,528
Cocktail Napkin Blue,66,529
Appetizer - Escargot Puff,19,530
"Turkey - Whole, Fresh",26,531
Bagel - Ched Chs Presliced,19,532
"Bread - Roll, Soft White Round",44,533
Scallops - 20/30,76,534
Dragon Fruit,58,535
Kellogs Special K Cereal,39,536
Salmon Steak - Cohoe 8 Oz,89,537
Sprite - 355 Ml,13,538
"Sauce - Gravy, Au Jus, Mix",41,539
Buffalo - Tenderloin,80,540
Pop Shoppe Cream Soda,10,541
Cookie - Dough Variety,1,542
Bread - Crusty Italian Poly,27,543
"Pork - Loin, Center Cut",25,544
"Iced Tea - Lemon, 340ml",65,545
Pie Box - Cello Window 2.5,86,546
Icecream - Dstk Super Cone,84,547
Wine - Lamancha Do Crianza,49,548
Wine - Delicato Merlot,9,549
Ecolab - Lime - A - Way 4/4 L,95,550
Bread - Frozen Basket Variety,43,551
Cheese - Cream Cheese,33,552
Chips - Potato Jalapeno,48,553
Juice - Apple 284ml,94,554
Cake - Lemon Chiffon,67,555
Bread - Frozen Basket Variety,80,556
Steel Wool S.o.s,48,557
Veal - Inside,37,558
Potatoes - Mini White 3 Oz,40,559
Wine - Rosso Del Veronese Igt,91,560
Salmon Atl.whole 8 - 10 Lb,95,561
"Lamb - Leg, Bone In",50,562
Cheese - Mozzarella,65,563
Towel Dispenser,91,564
Beans - Fava Fresh,88,565
"Beef - Tenderlion, Center Cut",77,566
Chocolate - Dark,94,567
Puree - Kiwi,12,568
Remy Red,62,569
Cabbage Roll,54,570
Bagel - Everything Presliced,5,571
"Fish - Halibut, Cold Smoked",53,572
Muffin - Mix - Mango Sour Cherry,42,573
Cinnamon Rolls,60,574
Pasta - Agnolotti - Butternut,74,575
Cake - Bande Of Fruit,29,576
Milkettes - 2%,46,577
Bread - Rye,49,578
Mustard - Seed,86,579
"Salmon - Atlantic, Skin On",13,580
Egg - Salad Premix,63,581
Daikon Radish,69,582
Bread - Petit Baguette,76,583
"Cheese - Havarti, Roasted Garlic",88,584
Wonton Wrappers,18,585
Muffin - Banana Nut Individual,67,586
Wine - Saint Emilion Calvet,24,587
Tea - Black Currant,5,588
Water - Evian 355 Ml,53,589
Veal - Sweetbread,32,590
"Artichokes - Knobless, White",55,591
Bread Roll Foccacia,18,592
Beef Ground Medium,56,593
Island Oasis - Magarita Mix,48,594
Spring Roll Veg Mini,26,595
"Cheese - Mozzarella, Shredded",8,596
Lamb - Whole Head Off,77,597
Cafe Royale,100,598
Pernod,11,599
Eggplant Oriental,56,600
"Zucchini - Mini, Green",91,601
Eggplant Oriental,57,602
Tea - Herbal - 6 Asst,73,603
"Beef - Kindney, Whole",26,604
Bread - Corn Muffaleta Onion,91,605
Pork Loin Bine - In Frenched,85,606
Juice - Ocean Spray Cranberry,33,607
Beets - Pickled,11,608
Fond - Neutral,15,609
Cheese - Swiss,53,610
Sauce - Oyster,18,611
Tomatoes - Heirloom,92,612
Salt - Kosher,58,613
Pickles - Gherkins,82,614
Ginsing - Fresh,100,615
Truffle Paste,61,616
Fond - Neutral,70,617
Jack Daniels,1,618
Wine - Stoneliegh Sauvignon,3,619
Icecream - Dstk Super Cone,49,620
Soup - Campbells Asian Noodle,99,621
Grapefruit - White,33,622
Wine - Tio Pepe Sherry Fino,68,623
Green Scrubbie Pad H.duty,23,624
Mustard - Seed,45,625
"Potatoes - Purple, Organic",23,626
Neckerchief Blck,81,627
Sauce - Fish 25 Ozf Bottle,80,628
Bagel - Ched Chs Presliced,78,629
Pastry - Apple Large,58,630
Butter - Pod,49,631
Soup - Campbells Chili,44,632
Sobe - Orange Carrot,99,633
Tomatoes - Hot House,30,634
Tea - Herbal I Love Lemon,81,635
"Mushroom - Morels, Dry",24,636
Wine - Cotes Du Rhone Parallele,80,637
Pepper - Scotch Bonnet,5,638
"Corn - Cream, Canned",95,639
Pancetta,96,640
Wine - Cave Springs Dry Riesling,16,641
Tea - Black Currant,79,642
"Nut - Almond, Blanched, Ground",10,643
Mix - Cocktail Ice Cream,51,644
Oregano - Fresh,89,645
Oil - Grapeseed Oil,16,646
Lamb Rack - Ontario,10,647
"Syrup - Golden, Lyles",42,648
Table Cloth 81x81 White,61,649
Pepper - Red Bell,51,650
Shrimp - Tiger 21/25,10,651
Sauce - Chili,15,652
Ice Cream - Strawberry,52,653
Creme De Menthe Green,44,654
Pastry - Plain Baked Croissant,21,655
Tarragon - Fresh,47,656
Syrup - Monin - Granny Smith,24,657
Wine - Barbera Alba Doc 2001,19,658
"Cup - 3.5oz, Foam",93,659
Steel Wool S.o.s,97,660
"Stock - Beef, White",48,661
"Cheese - Cheddar, Medium",72,662
Beer - True North Strong Ale,66,663
Bread Roll Foccacia,58,664
Brandy - Bar,84,665
Chicken - Bones,25,666
Mustard Prepared,68,667
"Wine - Red, Antinori Santa",58,668
Ice Cream Bar - Oreo Sandwich,25,669
Squid - U - 10 Thailand,27,670
Goldschalger,41,671
Pickles - Gherkins,30,672
Olives - Stuffed,15,673
Lumpfish Black,89,674
Gatorade - Lemon Lime,28,675
Wine - Cava Aria Estate Brut,30,676
Sprouts - Baby Pea Tendrils,17,677
Juice - V8 Splash,59,678
Beer - Blue,36,679
Squash - Guords,93,680
Wine - Tribal Sauvignon,27,681
Nut - Macadamia,4,682
Veal - Leg,100,683
"Wine - Red, Pinot Noir, Chateau",25,684
Pastry - Butterscotch Baked,22,685
Wine - Lamancha Do Crianza,5,686
Chicken - Tenderloin,83,687
Scallops - 20/30,4,688
Corn - On The Cob,31,689
Isomalt,14,690
"Yogurt - Raspberry, 175 Gr",53,691
Towels - Paper / Kraft,35,692
"Fish - Halibut, Cold Smoked",18,693
"Soup - Knorr, Veg / Beef",11,694
"Lemonade - Strawberry, 591 Ml",11,695
Wine - Vineland Estate Semi - Dry,61,696
Beef - Texas Style Burger,43,697
Mayonnaise - Individual Pkg,7,698
Mushroom - White Button,22,699
Avocado,77,700
Chips Potato Swt Chilli Sour,18,701
"Bread - Pumpernickle, Rounds",51,702
Soap - Mr.clean Floor Soap,28,703
Sauce - Hollandaise,55,704
Beets,68,705
Flour - Fast / Rapid,74,706
Flour - Fast / Rapid,88,707
Vinegar - Raspberry,11,708
Milk - Chocolate 250 Ml,24,709
"Beef - Roasted, Cooked",24,710
Beef - Sushi Flat Iron Steak,69,711
Eggplant - Asian,64,712
"Veal - Brisket, Provimi, Bone - In",32,713
Coffee - Frthy Coffee Crisp,38,714
Shrimp - Black Tiger 8 - 12,90,715
Cattail Hearts,21,716
"Beans - Fava, Canned",53,717
Yams,92,718
Cake Sheet Combo Party Pack,44,719
Carbonated Water - Cherry,70,720
Raisin - Golden,3,721
Bay Leaf Ground,57,722
Rhubarb,77,723
Tomato - Plum With Basil,19,724
"Wine - White, Chardonnay",55,725
Tomatillo,95,726
Bread - Assorted Rolls,91,727
Basil - Pesto Sauce,28,728
Ham - Proscuitto,29,729
Pomegranates,34,730
Nestea - Iced Tea,45,731
Mushroom - Crimini,30,732
Soup - Campbells Broccoli,44,733
Cheese - Cream Cheese,24,734
Pork - Ground,53,735
Cinnamon Buns Sticky,11,736
Sausage - Breakfast,10,737
"Fish - Artic Char, Cold Smoked",47,738
Cheese - Perron Cheddar,85,739
Pie Shells 10,8,740
Bag - Clear 7 Lb,39,741
Maintenance Removal Charge,76,742
Sauce - Hp,74,743
Creme De Banane - Marie,46,744
Orange Roughy 4/6 Oz,44,745
Ice Cream Bar - Oreo Sandwich,28,746
Chocolate - Mi - Amere Semi,65,747
Chocolate - Dark,20,748
Muffin Mix - Banana Nut,66,749
Broccoli - Fresh,58,750
"Hickory Smoke, Liquid",29,751
Quinoa,85,752
"Cheese - Havarti, Salsa",76,753
Tomato Puree,17,754
Milk - Chocolate 500ml,2,755
Cabbage - Red,44,756
Capicola - Hot,100,757
Longos - Grilled Chicken With,91,758
Ecolab - Medallion,70,759
Syrup - Monin - Passion Fruit,28,760
Jam - Apricot,32,761
Snapple - Mango Maddness,38,762
Shrimp - Tiger 21/25,13,763
Veal Inside - Provimi,50,764
"Napkin - Cocktail,beige 2 - Ply",94,765
Ham - Virginia,14,766
Eggplant - Baby,5,767
V8 Splash Strawberry Kiwi,62,768
Chinese Foods - Pepper Beef,70,769
Flower - Dish Garden,35,770
Bag - Clear 7 Lb,2,771
"Soup - Campbells, Spinach Crm",90,772
Squid - U 5,1,773
Blueberries,89,774
Tomatoes,71,775
Mousse - Passion Fruit,86,776
Crackers - Trio,36,777
Zucchini - Green,47,778
Godiva White Chocolate,10,779
Jameson - Irish Whiskey,93,780
Chicken - Livers,41,781
Rosemary - Dry,57,782
Cheese - Comtomme,17,783
Oil - Sunflower,32,784
Rice - Wild,93,785
Compound - Pear,42,786
Beef - Top Butt,26,787
"Nut - Pecan, Halves",68,788
Wine - Champagne Brut Veuve,20,789
Dried Cherries,97,790
Carbonated Water - Wildberry,45,791
Wine - Taylors Reserve,15,792
"Juice - Orange, Concentrate",67,793
"Octopus - Baby, Cleaned",3,794
Chicken - Wieners,28,795
Lettuce - Escarole,14,796
Water - San Pellegrino,16,797
Beef - Texas Style Burger,99,798
Wine - Chateauneuf Du Pape,25,799
"Tomatoes - Diced, Canned",32,800
Nantucket - Kiwi Berry Cktl.,13,801
Napkin - Beverage 1 Ply,3,802
Juice - Lemon,66,803
"Trout - Hot Smkd, Dbl Fillet",13,804
Wine - Chianti Classico Riserva,2,805
Pear - Prickly,13,806
Flour - Whole Wheat,55,807
Yogurt - French Vanilla,48,808
Tomato Puree,57,809
"Shrimp - 16/20, Iqf, Shell On",87,810
Ice Cream Bar - Rolo Cone,26,811
"Split Peas - Yellow, Dry",86,812
Glass - Juice Clear 5oz 55005,68,813
Island Oasis - Banana Daiquiri,26,814
Pepper - Pablano,52,815
Vegetable - Base,31,816
Snapple - Mango Maddness,84,817
Water - San Pellegrino,44,818
Cake - Box Window 10x10x2.5,66,819
"Pepsi, 355 Ml",15,820
"Beans - Long, Chinese",28,821
Lemon Tarts,14,822
Lychee,2,823
Bread Sour Rolls,85,824
Cookies - Amaretto,13,825
Cornstarch,14,826
Sauce - Salsa,20,827
Longos - Grilled Salmon With Bbq,14,828
"Tea - Darjeeling, Azzura",87,829
"Wine - Bourgogne 2002, La",10,830
Bacardi Breezer - Tropical,70,831
Milk - 2% 250 Ml,57,832
Sauce - Rosee,28,833
Lettuce - California Mix,32,834
Pastry - Mini French Pastries,70,835
Lemonade - Pineapple Passion,51,836
Chips Potato Salt Vinegar 43g,77,837
Lettuce - Lolla Rosa,49,838
Butter Ripple - Phillips,87,839
Tea - Earl Grey,50,840
Milk - 1%,56,841
Wine - Chateauneuf Du Pape,88,842
"Veal - Inside, Choice",65,843
Cheese - Feta,9,844
Potatoes - Peeled,85,845
Cheese - Grana Padano,68,846
Wine - Stoneliegh Sauvignon,94,847
"Tortillas - Flour, 10",69,848
"Loaf Pan - 2 Lb, Foil",26,849
Extract - Raspberry,100,850
Mayonnaise,6,851
Mousse - Passion Fruit,76,852
Cleaner - Lime Away,16,853
Lettuce - Frisee,2,854
Beer - Mcauslan Apricot,56,855
"Mushroom - Porcini, Dry",77,856
"Veal - Brisket, Provimi, Bone - In",5,857
Longos - Lasagna Veg,21,858
Chocolate Liqueur - Godet White,99,859
Cheese - Pied De Vents,54,860
Eel - Smoked,88,861
"Pepper - Red, Finger Hot",70,862
Bread Ww Cluster,8,863
Salt - Seasoned,2,864
Plate Pie Foil,15,865
Trout Rainbow Whole,13,866
Squid U5 - Thailand,89,867
Turkey Leg With Drum And Thigh,39,868
Bread - 10 Grain,71,869
Bar Nature Valley,1,870
Triple Sec - Mcguinness,30,871
Cumin - Ground,75,872
Creme De Menth - White,26,873
Broom - Corn,27,874
"Juice - Apple, 500 Ml",89,875
"Beef - Outside, Round",14,876
"Pasta - Penne, Rigate, Dry",82,877
Bok Choy - Baby,94,878
Bread - Dark Rye,93,879
Carbonated Water - Raspberry,11,880
"Nut - Peanut, Roasted",38,881
Cake - Box Window 10x10x2.5,58,882
Veal - Leg,26,883
"Bread - Bagels, Plain",100,884
Tea - Decaf 1 Cup,3,885
Icecream - Dstk Cml And Fdg,98,886
Water - Evian 355 Ml,84,887
Truffle Cups - White Paper,6,888
Steampan - Lid For Half Size,91,889
Wine - Chianti Classica Docg,44,890
Water - Green Tea Refresher,8,891
Bagels Poppyseed,99,892
Salmon - Canned,83,893
Sugar - Splenda Sweetener,3,894
Edible Flower - Mixed,67,895
Filter - Coffee,38,896
Tea - Herbal Sweet Dreams,43,897
Port - 74 Brights,75,898
Langers - Cranberry Cocktail,65,899
Daves Island Stinger,89,900
Carrots - Jumbo,74,901
Wine - Riesling Alsace Ac 2001,37,902
Honey - Liquid,36,903
Magnotta Bel Paese Red,54,904
Beef - Short Ribs,53,905
Lotus Leaves,70,906
Flour - Bread,59,907
Chivas Regal - 12 Year Old,80,908
Beer - Guiness,46,909
Buffalo - Tenderloin,23,910
Waffle Stix,31,911
Yogurt - Plain,35,912
Sesame Seed,68,913
Syrup - Monin - Blue Curacao,74,914
Wine - Lamancha Do Crianza,4,915
Yogurt - Assorted Pack,54,916
Crush - Cream Soda,12,917
Beef - Top Butt Aaa,4,918
Vinegar - White,80,919
Tea - Decaf 1 Cup,48,920
Ecolab Silver Fusion,19,921
Puree - Passion Fruit,77,922
Maintenance Removal Charge,27,923
Shrimp - Black Tiger 6 - 8,6,924
Bread - Bistro White,52,925
Capon - Whole,66,926
Sachet,9,927
Wine - Sicilia Igt Nero Avola,72,928
Cotton Wet Mop 16 Oz,3,929
Pepper - Chilli Seeds Mild,74,930
Cups 10oz Trans,66,931
Nutmeg - Ground,87,932
"Beef - Chuck, Boneless",16,933
Zucchini - Green,69,934
Bols Melon Liqueur,31,935
Bread - Wheat Baguette,81,936
Pork - Hock And Feet Attached,33,937
Bread - Burger,40,938
"Cheese - Havarti, Salsa",94,939
Lid - 16 Oz And 32 Oz,39,940
Haggis,73,941
Wine - Magnotta - Belpaese,74,942
Water - Perrier,52,943
Pepper - Cubanelle,77,944
Appetizer - Lobster Phyllo Roll,24,945
Lettuce - Iceberg,38,946
Cognac - Courvaisier,41,947
Slt - Individual Portions,56,948
Cheese - Le Cheve Noir,25,949
Tofu - Firm,16,950
Longos - Chicken Caeser Salad,24,951
Cheese - Wine,55,952
Salt - Kosher,28,953
Sachet,11,954
Sauce - Salsa,71,955
"Pasta - Lasagna Noodle, Frozen",60,956
Langers - Mango Nectar,11,957
Pastry - Raisin Muffin - Mini,49,958
"Tomatoes - Vine Ripe, Red",35,959
Cornish Hen,6,960
Fennel - Seeds,83,961
Potatoes - Idaho 80 Count,16,962
Orange Roughy 4/6 Oz,39,963
Chick Peas - Canned,26,964
Sugar - Icing,65,965
Sour Puss Sour Apple,79,966
Irish Cream - Butterscotch,38,967
Lettuce - Green Leaf,6,968
Container - Clear 16 Oz,56,969
Sprouts - Corn,42,970
Muffin Batt - Choc Chk,45,971
"Tortillas - Flour, 10",93,972
Soup - French Can Pea,24,973
V8 Splash Strawberry Banana,39,974
Chick Peas - Canned,93,975
Mini - Vol Au Vents,12,976
Roe - White Fish,62,977
"Nut - Pine Nuts, Whole",13,978
Versatainer Nc - 8288,100,979
Maintenance Removal Charge,66,980
Lighter - Bbq,9,981
Dried Cherries,48,982
Lid Tray - 12in Dome,71,983
Langers - Cranberry Cocktail,13,984
Foam Tray S2,28,985
Nut - Macadamia,88,986
Carbonated Water - Cherry,80,987
Longos - Grilled Salmon With Bbq,100,988
"Marjoram - Dried, Rubbed",47,989
"Pork - Loin, Boneless",64,990
Carbonated Water - Raspberry,27,991
Island Oasis - Wildberry,67,992
Food Colouring - Orange,59,993
"Ecolab - Orange Frc, Cleaner",62,994
Basil - Pesto Sauce,89,995
Creme De Cacao Mcguines,93,996
Pastry - Baked Cinnamon Stick,67,997
Rabbit - Saddles,67,998
Rice - Brown,66,999
Flower - Carnations,81,1000
