Name,Email,Password
Catlee,cbansal0@flickr.com,$2a$04$1gnA3vS10H9XyYHN4i8XnOZh1nruTtJqtNAwtTJww4nqc3y9jDhn2
Mattheus,msnalom1@google.com.hk,$2a$04$N9vUBlIAHrYqyhDpDM2sYu5xj/r9HvG6jWP2HmPzMGNMfPDHxmz6e
Emmit,escrase2@cornell.edu,$2a$04$ZFgnnXhSLhh1Hy6e1eYUtehC7svttlFfu.qeGGSoQMs.iAwVelQP.
Leonore,lbawcock3@artisteer.com,$2a$04$hUrL98dGdZdvp3Pr.HjDSeoYYNzE9zy9MidjiBPVkmEo9HTOhYLRS
Gayelord,gcastlake4@addtoany.com,$2a$04$UkKbApw5mZjiexpZiVWp.uP1.i/MlUFeRJJ5fPOYDfCugXqcEWmmi
Edgard,erigmond5@ifeng.com,$2a$04$aI39GDoVJRmeq5xQqXzNq.aI4xs87A4Z5fKl2gr/Lest5nIUtmQWS
Heloise,hhallede6@privacy.gov.au,$2a$04$GzR4DF6PdFMguevC2R/yqu0soUQyX7ERcAmUD.sUftgdjQPPrd05i
Rudolph,rsandford7@sitemeter.com,$2a$04$Y0UCG.JHUMUHkfd33UDueuj.LuHFtS3SHrtCA5YvUgyRIlRF8k75m
Flss,fwoloschinski8@wiley.com,$2a$04$6KOxj1ebUMy0WB518oYgjOjrcKLGqtBloYJH0259hY3cfqF/syy0W
Francois,fcottel9@blog.com,$2a$04$.d4YrE.cYMKMaLCVpl5bRur/MvwB0BZwYleiKeN.CMIULTsXZb/w.
Adelina,aapthorpea@goodreads.com,$2a$04$qGErzeDLY0xAt5zUaL3jCu2.ypXfSGThfbLX3euTpuEair7tk20Xq
Faustine,ffressonb@desdev.cn,$2a$04$RxhBKbNzXqPQIYnLP9b5meQcqhe6mbWWSJW.xMDaBE7HB15sZ2vy2
Junia,jsloperc@weather.com,$2a$04$lDEJv1bbPzodGY0KQKcKEultB781bDl6nbm1OARDKhJJoT6tIuoNi
Olivie,ojedrzejewskyd@harvard.edu,$2a$04$bWAWn7dfOFONvZ.fkq6.AeRwCvXRxqiK/R6iZpqGSDL6ujqu6wbdq
Ceil,cmeatchere@ask.com,$2a$04$/Tu1CPI5kN6ShtJbH.1feOtxVMKhupfdAt77DrFngZbeOVLlFekIu
Giacobo,gacottf@example.com,$2a$04$wxE4GpmmgIFCwGvOUSqDSuTnYgCCfDD17FBuW7gfoy0Mq/cEOHNKi
Tatum,tlawilleg@addthis.com,$2a$04$lpSX4fztlSx6.vl8ArKIb.2tf5w7yzwpwOWaB69sK5Nj80/Bjbhs2
Angel,arudwellh@nbcnews.com,$2a$04$n1nvAeyPQIlEvXhyNnAo1eAlpY45JZ4HOXabSLSiJWDp2OePAyYk6
Desiri,dpickeni@amazon.co.jp,$2a$04$ueQgU68Jgn1GtAg8RqxMZOdMAJo0P4txiM97AMEb4.tz/3/znf/W2
Ilsa,ikelstonj@irs.gov,$2a$04$v6Dvy04PFQKV3RqvJh3j8O/FFpN99txkiePLi0nBRxTRdncH8C4OO
Hailee,hpassfieldk@mit.edu,$2a$04$3j5RMp2K6ynboNn1Owgfn.0s4U/.ywM7tLExyuGAM7m8G3.ZcbR56
Ruthanne,rdemcikl@icq.com,$2a$04$EBl/cb60ubB5iU5cW73bJ.lx.e19EQYS7cFQcwWoFeLy82U/1F22y
Joelynn,jcouparm@tamu.edu,$2a$04$6W8Xe7B0fcX3N8uinReSd.jUk.izOpDqgGBSOFxwZMeoHK5dYmbum
Keane,kbogaertn@google.it,$2a$04$/O2f8.ANiyFBfbdRR78hoOd5aPRgQ//FRRIV0jezAVAISpiDfX8S6
Ginny,gstrattano@odnoklassniki.ru,$2a$04$TWaBxD68dAUb2EmvuEtsXu.9vxk8h7.Ydt3fUf0vu07R/HF2DV98.
Sara,steffreyp@forbes.com,$2a$04$X5kC90.YKGtdLyFNLNGAyuZOiWCsBIQKsta8nx422jOQNJ/N8Saey
Adi,abreslinq@sourceforge.net,$2a$04$aaqO.xN1fD6jzf.iPWwrieaL69J4Kn0ovP9heZioyYJGj.vHPR7DK
Ivonne,ithornborrowr@imageshack.us,$2a$04$94ThY6wME.kLLvnHIA8kq.QN0RKUKjm2qGhqLqJlhA7U.LZxK029C
Reid,raltens@photobucket.com,$2a$04$/i8pGxR0P6YOmFBMyviUI.7AO5fKydbDj2uyLknHV9HEMnEGR2Vqm
Torey,tgelderdt@merriam-webster.com,$2a$04$mo8RTZwwaKQOZ2KLRhcQMuAgcKrwPKrf1NJ/5A4Nz.Jlf9xN0O8se
Daffy,dromanu@cbsnews.com,$2a$04$XTmC4WKggXkNDTfSwKnAbuCh6GtLYZTuD8I8RHmrtsupcB4ZVz9xK
Bianca,bgrittenv@elpais.com,$2a$04$xaLY39LAsG0Oarqq8wJp4OyCvsKI4wCi/M0ALMpVFl21.UPSAWiH2
Homerus,hvartyw@t-online.de,$2a$04$Cr.MgpJlv8UwQJofqANK6O9ii26Ke2TZ.VkLBuRWweAmYaqF.w8ga
Miguel,mmagsonx@cmu.edu,$2a$04$Sabz5X8Dx4Q8jq/dYWChU.fscAbOL6ql/q/RmVxcgu.wn3AOPhiwS
Morlee,mlabdeny@icq.com,$2a$04$fbKhtjQyFzFKrkaEfc2uVu.kuAkxCZ6YlWUklTsrAyJHiGu8E6PB6
Martita,makidz@wufoo.com,$2a$04$Qy2.2ZGk2Q71g1lMBUSimOLYoluwG6RmlVH3Fm6N///GGPq95YUNG
Agnes,alowey10@ucoz.com,$2a$04$hCeQBoS4lxzwhTiqTMHLr.lBP1VZ1QxpAITGOLjx2pepeuGjd6qz2
Gran,glorain11@example.com,$2a$04$8tD1W3TrOAjW6xixGjhXaON3mWnFPVZXwU9SLostzW3rJdMeuh/wG
Clim,cwiltshier12@amazon.com,$2a$04$Xu2ZmFRm9Xgni15SO7cLIO73R0Gj09KyHxPdMWMG0pVTJjNVyEXe6
Cindelyn,cmckeurton13@pcworld.com,$2a$04$Y9w4fTdWG0HYoyq/xjN1Ge1wV6U388.T1r//NRhs.RKDw9EN3G9GS
Baudoin,bcato14@hibu.com,$2a$04$6A7gu7ueMku6PjnafrKCm.GSUjcU95b.L4On5TBq8eXNMarTe7Xwa
Zachariah,zeddins15@army.mil,$2a$04$dw7O4Re/PYg82r6b1Ox1LO/IjfB1UWMrdjAQAhNisf6KtjnKHqVve
Michale,mdood16@parallels.com,$2a$04$hdTnMytGd.bytQeeXiVwBON21BiQo5R9EX6k15QR7SuBk5g26Pw6W
Karel,kblasgen17@home.pl,$2a$04$KPlkKxGTGAml67DVFlOct.5RSTb1sqUiG3.K.f9pGbeT0WoYFZvMy
Bryce,bkoubu18@auda.org.au,$2a$04$wlyAwHCe5ajpKj32D8sY1OmYaOOFAwjChR5MFq3NqaYgc0prwYbQy
Alexis,akennett19@networkadvertising.org,$2a$04$hcSyoMCKMgdSzkaYcXWDRu2KFgrBkxbQiMtkPhyN1YJz8FPZOMcEW
Muffin,mlitterick1a@symantec.com,$2a$04$H/h8xB9IRtwPZ7EliGeHweAn1ToHJOEQpmxJ5eBu8jMSdau8yOLjS
Stacee,sgoodere1b@smugmug.com,$2a$04$2d1RaKWnRgc6JQdD.DSVTeWRk3neQYBzBikODxElfip.7FaUiH8r2
Demetrius,dhatry1c@prlog.org,$2a$04$aWM3utYtxXh4feUQ56Kt3up/C8NfhJxTXoWbUgYru/5qp2JMCVcT.
Ynes,yweston1d@angelfire.com,$2a$04$otI.Qi6Sbt1rA0e9lCYbuuGJvJzQu1fZJPRpbt5Ifl7pUlbqd6hDO
Dalis,dlargent1e@baidu.com,$2a$04$vMCSFv6XEwG8jG12FoeiL.4e9MmvQE5Szgzqa8xKc73WPgiFwtI2q
Biddie,bredier1f@howstuffworks.com,$2a$04$qxcI4BBeXgvqKBBLOE9l.uRoyj4/nd2JszRT9VuExolZK.TK./lY2
Sig,spentercost1g@blogger.com,$2a$04$7eBg4TcT8KcPXeDzdC20uedK7oOER0P2dKg2WPOv1dyS/tA3O/.x.
Myrlene,mhabbes1h@posterous.com,$2a$04$kPe93MKpC6M3EEpzzPM.Qe4bzOtJELg8JdbVXGK2FiLJw.oyHz2lK
Danila,dglas1i@freewebs.com,$2a$04$qmnl5VNd/IaBGEX9owlxauG9PkHzNR0h9kxxxJQPd21msW2QBk86G
Tracee,tbalch1j@buzzfeed.com,$2a$04$.MZzuaPXfVgpQwGNWkME6epNNKySyr8BzI/OL5Fc9Xsg4Wh5JRjFO
Marketa,mlumsdaine1k@goodreads.com,$2a$04$9FjF6OsEO0xSUckY5SSCOueuVescb8hIfK1Tqo10AfEXsGh.mUnSu
Zsa zsa,zlinggard1l@nasa.gov,$2a$04$bR.kjj8225cyiNdScl.09OMgKUq9.upffzimXTp9ABxGHQ5NxA7TK
Nanine,nfanti1m@indiegogo.com,$2a$04$Vdy/EstR..BAojMzUeeifOlNIJlpVtbV2vCtylT9SItz/aH8j0C0m
Jerrome,jallibon1n@mapquest.com,$2a$04$PTzuQst70eWWtsAQAXY9gekmqkXrDvpoAocYhsw3Ugf/L0TauZa0O
Jephthah,jteligin1o@google.com,$2a$04$H.7iM..q14j6nJ86i0yCm.zrmgnU4WEz8hy1m7T1FeHQtjG.7ney.
Garrett,gthickens1p@archive.org,$2a$04$iihFixLKOZaG9./qMfp6GOg8S7828e5TbxlrYs61.ANVqL0zNbQHS
Loydie,lweddeburnscrimgeour1q@umich.edu,$2a$04$Z3Nw90DTlr2ubUmggPAf7.ZADKuKjcQ1Ql3MOtI1G4KkOtc/pW1FG
Nonna,ncorbyn1r@jimdo.com,$2a$04$D2v8jrOZwNOPpzKbJJgT/OI2P5DYJ8r0yU6md6mBRS3OTXminimzK
Trisha,tmcmanus1s@house.gov,$2a$04$cR9a9pdtCmjgCamogLWFq.gqXMKU7ZT94v3AhdvW33STaEjjqa.6i
Drucie,dbroggetti1t@xrea.com,$2a$04$vECJ4hOnkaFoYGwfUlwXDe5ZV2pyxWEsgwCiSAvtiH85ngwP9.tmm
Erinn,eodeson1u@ocn.ne.jp,$2a$04$f83NPoDkrslxbO52tUoJ2OaAg8mJrdN3RvsVvZ90bD3RqVWB/aWJ2
Eleonora,eguillou1v@chicagotribune.com,$2a$04$GPG.D0YPFW2jiu6g3G9xdu9IE8fbEHSA9zdwG6zXWMQyjp2PN1Sg.
Elysia,ebrandin1w@opensource.org,$2a$04$dBDxLCHwrTLxRvHAG5LMv.WXuYElQnL5CqhnZm09omsSxzknjTPfm
Tera,thotchkin1x@php.net,$2a$04$UctyUDO81MIo5R6Z1d8NV.AW4ZThguPtijN5YZOLq8bC5zLqfyIUW
Cortney,cbartoszinski1y@google.fr,$2a$04$dQAH/vKRquQwyCgfpagWJeLPK0/mQ7NzXTk9JBraZgvBtE8nzoHx6
Rosabella,rrye1z@ucoz.ru,$2a$04$pmXgzM3QZVdY7YipIsm1.uupBZQZsX0919XZ9nyBLKBVq2TsIXgFu
Nikolas,nbrede20@spotify.com,$2a$04$whL7ddq/NmO3Zwyv/CW94.qqhuwXoxaVxr4l6ZatvvJjBJzBr7lii
Nathanial,nkinworthy21@so-net.ne.jp,$2a$04$DyLE4/9nxe3pvgyFzvoHt.beEh3i2BhDkx8BwOEjGyeiNs6f9ilWK
Carver,cgash22@google.fr,$2a$04$wVGYfIoeVBuOiFzfgm90Qets.3FFFyko.eJWoI8vgeWX4Gsv8INje
Bertie,blusher23@vimeo.com,$2a$04$C78DrFFewFqkxDoNe8oAMekhE0onkbuM99RpVWNhjnHB.9hAftrIm
Etti,ezumfelde24@businessweek.com,$2a$04$kv/aEu9oEPCpNMZFJxbcZerjAaT7x2qLJPjhWHSGZ3ryK1myBBrre
Fanechka,fmanford25@fda.gov,$2a$04$6Wfhr0K9QmGc4FL8K458/ed1SwfrMrLB/1O351zWBLmVM1nZnfhqW
Dory,dpetrushkevich26@people.com.cn,$2a$04$y.i2e90k52kjVO.yfItyAOeh/zShoUB5BkgITG62Bme6yBGbbDl8i
Yvette,yduffield27@wp.com,$2a$04$OyQo8Mg4dCFEnGU05YV8JekU/PvyiV1hjXr7qdtMx85O.iXrVbGPu
Nana,ndoubrava28@vkontakte.ru,$2a$04$pzbO6NVWRLTyM/EGGYV2WOyINnUEcxS.bC.W3YQ7PlrBtwVoGtG5G
Harriette,hdelacour29@cargocollective.com,$2a$04$vOxQcd1BpPTs0FsPo.QHfO7TggAlx59bxmwZrsxlLI2gzo5KnHSZK
Amanda,adelacroix2a@fda.gov,$2a$04$s/x.uUO1NTd124sEG1FC3u2K821Iwgsmz7q5DJstd2Ul04kY1lUey
Kamila,kbrisse2b@seesaa.net,$2a$04$344JmO4zkz./DNYH.rgZy.AvXRquaXO/llFRfiPsJl4osh5sBPLsO
Cyndi,crymer2c@ow.ly,$2a$04$bfPwVGVDwNS.gMTHgVBFt.YIsan//b8WpdWdER2yMOHTcDrwhnRSi
Kaitlynn,kmesser2d@nbcnews.com,$2a$04$TUH/QXsA52C62SUXHkVMWeqlRXlCSd4q3Z9hzIRPJMdbxQkfrpRju
Kathe,kbirth2e@foxnews.com,$2a$04$ILga0hzzc1JDa4tVsuoSmO2ZCZVGmYl0YpVCFmTVAllJMFUMYKqzO
Vladimir,vrembaud2f@yellowpages.com,$2a$04$dyECzyqFZat1CZDbJtZlCOYt5gKcLO6dEBC33NigREq82hBV8Br6C
Jeth,jhaglington2g@amazon.co.jp,$2a$04$7lyvHYFXhR.UHS34DUrcCeXVmJjeNeN0opeyMGGyp1.63nWJFTg0q
Connor,cskellorne2h@deviantart.com,$2a$04$gNlHWPtO.p3F7mgNECa9luSRzhltEuUYiAVTNejplRqRZihbJWBw.
Keene,kgrzelczak2i@fema.gov,$2a$04$5A64OntKnJKHi8VasMhise/tAF7l2invLKfU0LkeNhtqAjeXFJ4Bi
Paco,ppryn2j@sciencedirect.com,$2a$04$AJrmnsqp/AgAXXbsS49FEunCUNU6L.SKcAkOV6llThI8LZ5rNuYta
Rina,rarden2k@shinystat.com,$2a$04$ZOxpcmRIfnPu9n/qMEH6dOZatlzwzJ0rFMr6Zp1r/1n6SKSde.kkW
Corbie,cwetherill2l@economist.com,$2a$04$MtdwkkdZGY3XZpz5aj97WeXyXCQQ.ckPJg4hhbpNSTMivoIzjjX2S
Lionel,lpresswell2m@usa.gov,$2a$04$2hO4uFeZWxQg2/4cKBgUDuNAulJjdKCDQXuk/GSciIgIv2FwgzJU2
Marne,mpaynes2n@sphinn.com,$2a$04$HOQOS2sTAL15QE.K1TRPtOsOpXR0A7HcDwQYnlm2Id9spmkvD3BMS
Tessie,trizzello2o@cornell.edu,$2a$04$CT9QsD2TAEY7UYr7CBF69.7qWRN.ifqym9tXOoT6FkLYQ5mXS/cfm
Abel,asliman2p@tinypic.com,$2a$04$6Q/lqG2C7k1j6WSqEVG9POAnA3DNqDEtuWjavslbnz0zORlsFAM1K
Phillipe,psearston2q@chron.com,$2a$04$HR1oms4jkhvA5jsm9XjeIOzs6jaEOQqhOTjhqdvOk89Tacgrkikn6
Orville,opunton2r@sciencedaily.com,$2a$04$YLgigGBVFG77RQ.QOGP4/eV1hednf4zuULF1yk5//05S/INXFUZo6
Irene,imaclleese2s@imdb.com,$2a$04$4n/VNWx.pLlzhCbWWPpBf.6mW0I80BIFKkMu5E3y5lYYyMU/U8Dyq
Shirley,sscanlon2t@spotify.com,$2a$04$TdwOEeUI41l13rTpQZSUTuFEqdEKvKXIDLhlDBa0d7eDwMq/envvi
Nicko,nberens2u@google.nl,$2a$04$s6e5g6h.wIN33facMdeYaunwFTohAnRBYEQ1pRw8NqQCgZ56cqz4W
Charlotte,charlett2v@deliciousdays.com,$2a$04$7qLcPY7IjTULLqYmR6bs6uzVbjT/DB5KXykyUVS9UahTfheRtaxEu
Robinet,rlaborda2w@wikia.com,$2a$04$5DmRZodGp9pzhQAzQJVisOOA5jDXjKhSoNLDFMPNV4sSoe.dqZrv6
Quintin,qcordell2x@nationalgeographic.com,$2a$04$kRCFEqBdIsYOblh3TzS1nOYUfNUQt5vzgTJZZd1dfXO0FiVRxjUjK
Em,ehumphrys2y@goo.gl,$2a$04$sI90dBHvWU/.31x9qL0QCOxrWN2WY3xkUJLoKNspNfXMoC4ZD8DRi
Crista,ctwigg2z@miitbeian.gov.cn,$2a$04$FXeEPtlurR178JtCFbq.Ne5Yc3Nd.3bAgmJoxHHxZ88QnUfNZ1x.2
Ashlan,aridhole30@disqus.com,$2a$04$RBa2wXXhXUCnjtGMa82GWuv9dsTw5UMSArVgHH5v77WhwiAy0MCwe
Debee,dmcdermottrow31@jigsy.com,$2a$04$OJ8CDl0.a4iQD3HgdKYVJ.wSuhhcH1s1af.UnCHX2GjrQR4EZwJzC
Sibel,sfredi32@ezinearticles.com,$2a$04$2S69OD9cDPPu7OoA1ARcaect/rdA4usMXFsdgYdHObr33MuGQaBCu
Raychel,rmargetts33@ed.gov,$2a$04$lsS75Q4mKBrzENRnH91yI.4FQVjdqO1TdIneEJxFMFVSPDcwrBzuC
Carlynne,ckinvan34@paginegialle.it,$2a$04$y8gJzhFsn5Y2LFmPqWjwCOgDmJHsdUgABK6MWwJMcSgNAaYLJVBxC
Lenna,limbrey35@fema.gov,$2a$04$WmTNFsyJPB2RYkiNCeLFeeF1qe9AgiBckCfdZlc.G9.wOnpoDvC4y
Agretha,abridewell36@yellowpages.com,$2a$04$PYqFOlVaK32mqQhWkQ4fWO9iEen24D.MmXgpVNE90n/nfACDqEHDm
Casi,ccajkler37@spotify.com,$2a$04$7PakyagiyaeIImMcQx54uOsSJsERmufoj.o62cF8tJzIYXwp3arX6
Mandy,mclowton38@aol.com,$2a$04$odD/KBPHrARRQaRfqogPxuhnqKoyVyuurcspWiWD0yPL2ucUt6gMa
Leora,lager39@about.com,$2a$04$rtXCxFtCqVPTBGo/6OkeoOAedrrQgxxoWuMKcg1.Tt13NjMoOvm1e
Honor,hhavick3a@mashable.com,$2a$04$Qy0.kC0fbOuqdEkm1mPQfO.kmAk/slnECwjClahEnH7TVLaL3uMD.
Rupert,rpashenkov3b@huffingtonpost.com,$2a$04$DKK8lCPlR9pkeJgBJpnTn.rxv0Ym.HaNHcYXwVZueym5ULZWnrl4m
Ellette,erideout3c@mediafire.com,$2a$04$xZOfAXDAhxoM.9Y3/yL.j.WImyY2AtSl/CiOR75qBsHKhACfnvRWC
Dewie,diglesia3d@hatena.ne.jp,$2a$04$B7owkR.6/NEMyKRJJ2oaJ.160mdG0kwHYv48hH7lIYZBwcQYXw/Lu
Catarina,ctewkesberry3e@bbc.co.uk,$2a$04$aDJDggjblVOkwAW41DYk1O3tRBhkD5.d/3/8dpUlIueKSx/ZXG9Ei
Caprice,cborrows3f@google.pl,$2a$04$.GjcCNsUCPshqFQeFjPIPO7op0cOIjMZtvvzTrdR5GJE5VpXGSOgq
Patty,pdulin3g@vinaora.com,$2a$04$lVq6ERZ3OjafD8IGiYVCQeW9jcYOz4vTqT028osG3DpOCAS9sHbZi
Tuck,tfraser3h@vistaprint.com,$2a$04$vH8lzuH7mKM43VfbR8CSXeRqSn0nwswa2cCaCXE0OacnHFNgxheXy
Kris,kemanson3i@xing.com,$2a$04$HLxof3a2C2b9p03/C7gBKu0wf9piXLPlMDZHH0wieNYRL.fRud0MC
Rori,rcurston3j@imageshack.us,$2a$04$RqKxo5wVx3HuKw1E7qMU5OSf.Q/ZiHVMxB7xUo4Aqwqn6nk/t3MaW
Rex,rkienl3k@nhs.uk,$2a$04$Wcu1TuJvh2devRu95w08jONV.A5fOYxzc467JcIr0md9arusC4tYq
Kirby,klippiatt3l@lulu.com,$2a$04$oWzvYqx0uTmnrDlVYWhX3eikPNS9MT8YOwPnIkYeuHpbQxhcB3ppm
Myrah,mfilippo3m@eventbrite.com,$2a$04$sbK0D0K5oHxUHyD/j6qUuOv4/O81pJ.f9m1yB4FBqlQKu8h3KqO/.
Cazzie,chanford3n@photobucket.com,$2a$04$xQw/dx5D9leJWW99f7OHlepKQKbhGgP5unirZv/7wc0kEuOg5EOLW
Marnia,mkuhn3o@dailymotion.com,$2a$04$ZNnguH.iqhiXz2OX6hTQGeHtnLhRPY3bYfv8UvxZto7xLjme/KCMy
Vivia,vnemchinov3p@buzzfeed.com,$2a$04$5jFyw7en8fFwW6UYyGatU.dOiA2vg4SjlFuAnwiTXgRbEIyWChHJ.
Brewer,bfeely3q@java.com,$2a$04$n9VbM3rbPyYFzgayyZRI.Ohp0UcXiaeq7vq9NHldJtiS4be7DGS..
Dall,dbrotherhead3r@blogs.com,$2a$04$LHErhGJ.mHIquhLKL2WfmegJTujoEqSdpgTHbG0PAsq4Z7xE5RRUa
Maurits,mogorman3s@disqus.com,$2a$04$JkbX.eMkNE5WSG/UCUfxL.m5yB.IpIohNyHL5Aa7LIuaBxWxQGHoq
Lockwood,lhentzeler3t@goo.ne.jp,$2a$04$LIyfKlKof9RisxElrsTU.OLnYe8W0e9OLl7QicMejsvBz2qJbSDnG
Oralle,ocatlin3u@eepurl.com,$2a$04$2Pn0KzIcFSOVTPk.fnjHmupC.DojwtGZa6mILISIJMrQ/DctnH1Ta
Trip,tmeriott3v@whitehouse.gov,$2a$04$znV2WFy27n/EEfZfsN2kW.ejXnSeqCxqdYWjJDWrj0rgbPtHYEk8.
Prue,pletson3w@cdbaby.com,$2a$04$PgiswWCTSA7eveukXJOOwurSB5v.Ji/4766PIo4PrMzwErToLpqGu
Bridgette,bfrapwell3x@state.tx.us,$2a$04$2nkQyK9Kz0KKGh4aBayLgO9yvQ4kmQBAVPmZBkD8j1.ox/LJohN9K
Cyrille,ckarchewski3y@qq.com,$2a$04$mskCEMBfBqLtQtv2t5nln.yQH7mfF.hioPbkB0FnB9YecMXThlelK
Dev,dregis3z@newsvine.com,$2a$04$KeK.hEE2Y6QHyM4HRvh9WO/La9qLJqwHv7fnw5mbZXPguo9kcwIl6
Terencio,tgarrood40@who.int,$2a$04$wQZmpdbi5d9HzKOqIwFH2.bQp6sh57FrF52Q0ICkEc96837S98QZi
Chancey,ccormode41@vk.com,$2a$04$i981carOK17yOxzlFlRnSu03uYQewpT4sBc5rvr4n.mS6NLUBwK2i
Guenna,gstickens42@thetimes.co.uk,$2a$04$34LU3KnS8sX54vkIs6Z1q.9XPUqpa.Hb4TeM2jbsym8mj/WVcfyy2
Eldredge,epeeter43@senate.gov,$2a$04$XqMpEbjKY0ZVL6pwXkystObLl82.oZELH96sNFUQqE3D9NuAq4/E.
Dania,dkleinhausen44@t-online.de,$2a$04$OP8yocltcbXI6AMUUhar/ukrPp/wBN6Ud8CRJ3Py9VsOj0T41pNuO
Joellen,jklosterman45@businessweek.com,$2a$04$z2kSvWbx5NDPLJ.CoqsNge8zolSXS6lQonHiGLfW1ZbkVkGZsNYPG
Turner,talbin46@youtube.com,$2a$04$clzBZO1/pvVleDIg53AAuexcDZMur6GbNwWw.FBOWO6kqPKbSHNei
Larina,lphippin47@yale.edu,$2a$04$U9ptWiXfk.IBoNyF6lfwGunsHFejtPt6/zFQsTjx7mmnwTQn2X8ZW
Sonnie,sjanus48@bing.com,$2a$04$Pyqrczcn5jTeGFcc4HvUpOjkHnIQXq.muOFMOAvl0ounHWQZSTgty
Louisa,lsnadden49@state.tx.us,$2a$04$ztmEGAOGl8UKVZ/Z/UPTU.GAfOlaODqORqQmwmp5liiPoNbJ/RjL6
Maryjane,mwatson4a@ucla.edu,$2a$04$AcVQxXzxuK7IUA/LZCYdQ.xCMTns9pPo7KDJJuPX7qJJ8PbffMfC2
Maybelle,mskudder4b@t.co,$2a$04$AJMTw0IhbhD6Viib6nF6GuGGfWl3nAELIm.JYgUlxQ9z4fhF9IG3i
Addy,abrougham4c@youtube.com,$2a$04$xKa.bWLa9GioRePZSHpqe.jHFGUy.X.Ligq9ptcxxJ8RkcvzwcNpu
Muire,mravel4d@google.com,$2a$04$KqYO2qtUegbsGrxjmWwxR./t8gzFZ29hyoSsv6aRhwWCsl..m26yu
Rickie,rdenyukin4e@acquirethisname.com,$2a$04$SftTSL1oixZyT4TJtfe1K.MfKk9R4WlZYMPPknM5RhYlBwnLHVE8W
Melamie,mbetke4f@yale.edu,$2a$04$VgsC6RwryN/BxIg.KCKh/e/lXXOifghhpcDOjQ504FvjTxJhETOny
Sheff,sexer4g@shutterfly.com,$2a$04$PrHXrNp1jFmCzha2g1isve86RJ3T..VX8viMc/DTk7WpTyPKTggU6
Dex,dostick4h@jimdo.com,$2a$04$15n1YONrUHoInCHGO2NpAujBjKG4tdp1DsXpGDynlShBUueZQU0Ze
Tomlin,tantley4i@ihg.com,$2a$04$kijoCYKmRkWiXKU5pooFt.E/MnovtcvppNSmQas3ksH.nhk1On6aO
Fey,fparsonson4j@state.tx.us,$2a$04$DHMdbsbCHLD4Tsn5Azn1P.aPW7HPMbb7PPyxaA2BWWQ3i8/kRK/vO
Ev,ejaffra4k@mozilla.com,$2a$04$Mp.um5klx3.Qvw2L07NBDe3eBGLr9VQCZciEngZVSedWCNIf/gL6y
Lennie,lollett4l@state.tx.us,$2a$04$FPFfqXcxEyOzV6.t215gj.GTTumYP0ivVIIPOTVG7U2f7ZKfMp3Oa
Katherina,kmaylour4m@liveinternet.ru,$2a$04$GutCIRTxDCDBKnMiIZJKrO3xo5SyqsqC0UucQ2C1/E7WacSv75SCC
Henri,hmacdirmid4n@unblog.fr,$2a$04$uCu.l5IDhyNjsec4KPe9/OSjtb7LDDHb9BYAHWEPbHRrfxO4nynQS
Adrian,achingedehals4o@alexa.com,$2a$04$wSicJrwfEX8014qBazJAhOy0V.B5uGoWp8IxIxPGIecaDpW.P1XRu
Barri,bungaretti4p@usgs.gov,$2a$04$npSuT..oZZwKA5RShiDW4uiqfUNV05A.Z/DIhWW5qP6sZ.X0z6dra
Nan,nmilesap4q@mtv.com,$2a$04$crvOh3ygdv0c0m.lc8wkCu24Sj1p5HQ2jmI3E0k0RISz/bCTZx3s2
Enriqueta,eredwing4r@youku.com,$2a$04$6UwG0D3EzQdpeoXa5LAE3erqOIMaMhGqClCflBrrVn22nNb9OcMHK
Harbert,hdorrian4s@mail.ru,$2a$04$iW8u7BtsngZJH2LeFfQok.7ykLmc9LbB/xSpeDYJ4vtUIJcFonk4C
Pennie,psweating4t@issuu.com,$2a$04$MpFe0ilEN8shI4o7/1wVrOq5uYSnVKJu/fEf7sJRKEqNup1ttF6qq
Dal,dchillistone4u@admin.ch,$2a$04$Tc.5DrSd.jgYUZ9DlREFqeHw.Zkfl2fdowJTweJa0HbV9j1xelFBW
Olly,ohunnicot4v@behance.net,$2a$04$F1gCnGMHLQs26jzh6dJvJudq4XCdudZdwAMObxvhx56MB0T0zj5qa
Wallas,wcolliss4w@yolasite.com,$2a$04$Vl7kKlVJ6OeBGkmutG5/7Oa9Uqlws6pLriKCgbASZrLphmENC1zGq
Nikolos,ncockram4x@cnn.com,$2a$04$azNdwHn2PRUevkV3TzU/fO9BWC42xulubMx4r1wC7Qtl3pntc6kG6
Shannan,skillen4y@yahoo.co.jp,$2a$04$xf9qD5UpE3DBQFi.qZgbsu8CeKrDZoS/nHkwEE4obgnVABtLq8ZCy
Shelia,smacquire4z@chicagotribune.com,$2a$04$UdsISv66.YpzEHZIodwsw.VCZ1ELP5uYrtceKYjYaGfQCm6Me5cPS
Judon,jflores50@goodreads.com,$2a$04$bZqqNuBdHgq5MfEY/PiL/eF9OgQG30yGzF2IPd7o.LszDwTSdNAi2
Nevil,ngurry51@sfgate.com,$2a$04$.G53.r1YgYdw2WI0bEz3XecQbqCM49lxg2gY8HXC9HAxamY.AuUD2
Zia,zcraigg52@parallels.com,$2a$04$vNWvEOFcrS5.1YjNYbanheEv4vMb1bj5ks.uTbVgfFxwUwYVQ.yGO
Alanson,asawnwy53@vimeo.com,$2a$04$PbSZsC4oh17N9YhFqBf0p.xZCL1nxSGo5n8Yq5SBVVz46lv8nmqcO
Karia,ksevin54@vinaora.com,$2a$04$akNFgtZLBSxlqZOT0IS5c.5Rs6peX6zbSEsFZw.aGUtcm13PM7Nvu
Sheilakathryn,sgammade55@php.net,$2a$04$BcK9qYjKoVdssdDyfYP1u.inw.gJyGtTOASL53zQyqlSXG80Zjgma
Cyrill,ctozer56@yahoo.com,$2a$04$ErFq/4zepPhKJdDEzX/mKeF1jIVrsH7cFv4add7CbBNboDMz.zISK
Allyson,alevins57@mayoclinic.com,$2a$04$klbYzILNJXY2wh/g8kesZuJ5iw0CirwFuBenPhJ52qh5AwHtZoCVu
Gregorius,gallsopp58@huffingtonpost.com,$2a$04$16zVx9Qsg8sYVr.tPYASaOh7gdZCCiNeZJdzG.f9wrUKn.5tXi9ji
Jasmina,jpickover59@woothemes.com,$2a$04$bt7dwD7y82mzWePKi5Tj7.Ai3GLRm8I.jM51mRPxkf6AH4f41ungC
Marjory,mwyne5a@google.com.br,$2a$04$2tuiGW7eKnxqNqRdf48DROeuEhI44lEdzJu63eEQMLUOnn47vnXRi
Jerad,jtrembley5b@weibo.com,$2a$04$090wtDK76zaAoKrbS5D/BOSgY2uNKWL.jgCHRGIPwi7lzsI80fTva
Kennith,kvasyutin5c@unblog.fr,$2a$04$zYVSmQNaQ5QdzUKBg2lSPOkOd9uwKk.boZvN.5TjkIY5KRH8CVQUi
Beulah,bdilnot5d@nytimes.com,$2a$04$vs4vIo1Nqqzz1AksMEvyuOHVB70Pvq00BwiT915gmMmu/94Z.zvGO
Alessandra,afratczak5e@marketwatch.com,$2a$04$tYJbx8U06jykehnoFDPrOuPTdZyQhqM6lBwx9R5buRglxyMtN80ta
Karel,ksaddleton5f@tinyurl.com,$2a$04$9ealAMqyB3LNCztc/EYo1eiBCdPFvymBUpSMJuyvac0h77suCnlba
Franny,feveril5g@shareasale.com,$2a$04$ZpfNHHVaBZyoFm9H1cN3BepZ0KEBizuhtHvMNZgqNpdFtnKqatvAC
Hildegarde,htiley5h@nps.gov,$2a$04$d3XhxsjqQZnsXk8c.LXtxu3Y08wOihTxc1KDhkvasNDwePtgrjZd.
Brandais,brutt5i@dagondesign.com,$2a$04$1I.xBrmjdYCndD.Ujjr9Ae0aBJCcp8r.6WK95pQsH0j0gSIBcVV6W
Davita,dloughrey5j@zimbio.com,$2a$04$d3.F9sZgCYAkKVHfkpMMi.yL6oG1NPQ7hfXR29CFpvdKQsAu..l7i
Aili,afisbey5k@samsung.com,$2a$04$1I9tjcEWo5wqiKgbS6cEVOy52RR5et.sYJHzp3gKKiQ6G/cmZC9fy
Padriac,pstandell5l@exblog.jp,$2a$04$zjTWHRnFgTCvseiAdat/nO7sPVkeH5ROECJk89eBgnodjGI13TO3e
Haleigh,hpetrollo5m@g.co,$2a$04$AeTvgPImNqlGtxU2mPWhfOr9BVXrvfrT2mg4xZKh0MFydLB0/Kbbq
Flora,fcahen5n@imageshack.us,$2a$04$8GQ8E4454wBRbAJoqPu4Du5ZtCfI6hL7Imy/CmBE0ouwhn7Cy3JS.
Maura,mhaitlie5o@photobucket.com,$2a$04$gOtmQNmom71tufuQG4YawueWAro12bFGtvHQdK7bPr1bk/OUHeYXi
Eolanda,egerleit5p@mashable.com,$2a$04$1DZ8cIfnWObvINBw3SEk8OzMU7BVfd2W042.I7bk5Xf3g0YRCP3bK
Corny,cpauler5q@last.fm,$2a$04$.MZsKimSWccxRJ4jwF6D6.A07otFg9Hs/sqLBe1dqNCnq0.5C5r/K
Electra,eluety5r@soundcloud.com,$2a$04$jp3.CvblZ1KWFg0p0U/iyOOTQfSvzLjmOXHcX5/GhUhG040eHXSB.
Kinny,kwilliamson5s@xing.com,$2a$04$XcXPmU/.jL0HN91AvAPbS.46/HkEUTV5B5khe05bIxiufHdQqDYce
Laughton,lwaldock5t@topsy.com,$2a$04$9rVbFZhVk8VkR2Ip1qGi4uQZfmD0/Xlnyli9VfHKYRQ2CwzNsTCUu
Derron,dbottle5u@scribd.com,$2a$04$19g2MElsMVIpsWcrMlep6.WvDe8GtB3069CEZOmKefMITp9litzge
Malinda,mhriinchenko5v@umn.edu,$2a$04$lOnuo0Z1cmK2x39zigmjB.RG4tI/dIf/MDVIzhGr6zK0bmbF79CKa
Sisely,swardingly5w@nbcnews.com,$2a$04$DDPNDOL0wF.rwNUBitdUlO1y0WOXim.tJoAa4jnRKh42Y9uZ1.VcK
Ninetta,nbonsale5x@uol.com.br,$2a$04$vv2Upo5jre4.QeHzoSjPi.rKm0zwwGTpL.i7pnZrroc5HrCKaq7P.
Linet,lallicock5y@hud.gov,$2a$04$EA0qM8rxKSRQkvL/SbQlo.i9/iLDj1541Fj8kh0bJae7axLJaMfli
Rogerio,rludovico5z@opensource.org,$2a$04$txJQSRrjcSpvM3HPjO/n2uSGhZn.FyiwMHT/dDf1reJyAI1hyK89.
Fayre,flillecrap60@narod.ru,$2a$04$N/Escz6W2jpcn1aR4XEmSe/YPpml3VdbkkyuEjZxgOO18nS.3MstS
Marthena,mdibatista61@bloomberg.com,$2a$04$o6zATdLQDmlKKWlHg/kUMeGKz/7xNt7n5K0rgD9Nld2Y9PwgACAMW
Annaliese,aswinford62@fda.gov,$2a$04$NJMk/GZ403blM0xiWiAKoOpdvH4J1j99nqnkzZZuWll2rppWJjDky
Laird,lskeates63@newsvine.com,$2a$04$z8miQrcPeHMsOQexYUM7f.iE23Ua.rRDaEpO.dvXPjgiruspFmhBy
Jaymee,jfysh64@ucla.edu,$2a$04$F5IH0KesTBKWQY/DTm59tOI8WNbSP8w16pvOYuc73Q3ZMoAw2UKb2
Hewitt,hstenners65@mozilla.com,$2a$04$o5f9HEeLIHCNCU50qd4DFONSIWMU4BbyhRYQWnpWjuYnJp4iW63.K
Claire,cbuntin66@artisteer.com,$2a$04$6D1Wa9031I6Dh.2qhCSSPeZKIshaHN5PQkw1UoGHSnTt3jluwUqxS
Hanna,hmcnay67@whitehouse.gov,$2a$04$tvxt21VySpzQGmpc6Xg59.DEHBnA7UJ6eEMaRn.lXoY.azcpTNF/q
Odelinda,ocathro68@shareasale.com,$2a$04$xlLNiFhbc2uS1fFDbeF7deKBacf/gzMOni7I.2Rk5i8ZPxipQDvpy
Sisile,sfery69@ft.com,$2a$04$KgbyxcNsXlxxNvRGUT/bOu8rPr9y.b85STjbzWtWkGq//reqFe.jC
Menard,mseater6a@tiny.cc,$2a$04$HrAoSjClkd/.uyt/0ruWI.EYZ7eNzUZTyoO0ULKLcDmnC7/9ZZW8S
Karlotte,klucock6b@behance.net,$2a$04$o4MxVoXp64VW2YNYX1Apv.ccOjQqZiJe4WC81Gbz9x.doUyk/wSDC
Cathe,cflatley6c@geocities.jp,$2a$04$OIjS78TAc2Qf.euhbb9tV.uqX1FnjNC9f1cdzluy4Hs.vKUOYCY5m
Amelina,awinspur6d@virginia.edu,$2a$04$kez67gcU3gFhk9IkoMB5NOoi08Y2Bfrd7QGBgVgeVjqM/owkwI4.i
Roarke,rgillimgham6e@cam.ac.uk,$2a$04$jaxtSDKve5xTMARUpRvlnuQNvzemW4Wgpr6Zx.T0zZ6830rX5qGGm
Lucy,lrembrant6f@ask.com,$2a$04$PM3KaiGkLwEmzdc8G.Mive3eZ5ktu99tZ9fimAZ7oD0Ivck49o/rW
Trefor,tmorphet6g@list-manage.com,$2a$04$YLR6.4/oz.NqcwJJKPEBqu1qhmXSfIsZfYKNf9X8MWtzF2nqxyVfO
Simmonds,sleith6h@kickstarter.com,$2a$04$2CrTCu3rZtMo6XJOKTJpu.j52tNHk9GTKmhcTjN6FZbwIquwL8Pfy
Hymie,henglefield6i@gmpg.org,$2a$04$9sJawCJ57AaCdcEw1.TNiuSOoyTyKmJ2THumOdjqG5hR5ZmgLrBTC
Itch,iinsall6j@etsy.com,$2a$04$2lBIo3hGpnLeo.Nn844jz.KtqAVdmsjw0J.ORSwkGj1iGEwDEFwBy
Jackson,jdemetz6k@smugmug.com,$2a$04$0Gx5.WopRJlSrAeXZ/mGr.4s8jbKLSW2iCAR1lETALbSvgPP23bQe
Ichabod,ijoselin6l@hugedomains.com,$2a$04$apMmPkEVYrYHauPlODfLj.hANaa2oA/3d6qRZxWeehr9DUdxI/rbG
Calhoun,cgaskarth6m@gov.uk,$2a$04$06ZfMHUeqcmNmCbjSA1gbeCeL8FSwkJm3fEDf4Z2cxsuHfwkjg/6K
Antony,aleupoldt6n@purevolume.com,$2a$04$UH8UCav5akJ0bdoy8tkBOec/XFU3FIFxNC2rhFsLxAVS58C1JRgo.
Mufinella,mmatys6o@cloudflare.com,$2a$04$uhDRdC7/B3TXwWk4ak8ME.1m6jRXE7HIAzveeXoNkwvH/9TaxSAC6
Genovera,gkingscote6p@spiegel.de,$2a$04$VrB5n5pmXfORIQvYABvdkugfBqGVfgVOCg2oOq57Tz6wG4EN92xoG
Bondy,bmcconway6q@gmpg.org,$2a$04$67tR3/nycf/Z1qyAcKVz4OxjpDPzmSN4zIedr75dP1Utk/blFYL6W
Arleta,alibrey6r@buzzfeed.com,$2a$04$tGc0SrNDWRIXmAKW8fibA.hJQvPYWeePBEe.6zKdPZheFZfOx9Y4a
Ariel,adruett6s@mapy.cz,$2a$04$xczHPnL/aiZX6CqF7g4tZe3O5J36Pkib2U/yEyoTBtROyhW9ZnsOe
Keeley,kohickey6t@cnn.com,$2a$04$iRL0qhNJE6ga.XQMXt7uweKNMLTA9WS7mrx7.vsd0zJUcSGfaLR2m
Viva,vpiatek6u@nih.gov,$2a$04$SoLFxf24n6dJX.ww1/jO7.oxSKYn5TvxR2FYzcs1rjfwxLp/Fndj2
Benjamin,bstivey6v@scribd.com,$2a$04$mp8I.dE2XxSFBvQA.URVz.lnAJsR/o5OhpxXyauxLerdG9JJ2y.me
Jarrad,jcolton6w@cnet.com,$2a$04$jwILt1xRerYHj4yX3vnLU.uaWFKiMBOB5S8IsnCZX.D39.7FZdKh6
Elvin,eanders6x@cam.ac.uk,$2a$04$mUF.94H928rITvZL7WjNw.CHDK4jv415cuWUtjUOdZ31W3Fz.0MP2
Sada,slabrone6y@patch.com,$2a$04$XwrXruradIS.cI.x4aPnK.ZIHfCmY8XW65dpdnoNCDqV/99nUNnfi
Erena,egricewood6z@slideshare.net,$2a$04$LfV2W4lzGPZ4TTSTaxjnuuA9/UmbjF8xsH8pd03R.bGU37nM0UrFO
Pepillo,pjeannin70@tripod.com,$2a$04$KVs/zDpebD1TBLkrSKLEaeOblkKHsogX4UTRFytPryVfPqD.mox3C
Becka,bthredder71@seattletimes.com,$2a$04$T6YlYG4dNo4TlZLHa2NpqeVfpI8.8mL6roe3lpLFK2gzlRyDGMXBS
Alexandrina,awadmore72@wikimedia.org,$2a$04$GPxncyYUMPcmwvQhiVMBjOxd4ln0ULeGZobvizRHUvGXABxl10TxC
Maud,mrexworthy73@bigcartel.com,$2a$04$XDMdAq7.B6qu.B3y.JWsZO5HkTp0BkuZpn3S17JWCMuR4W67Hlyda
Issiah,ihoudhury74@amazon.co.jp,$2a$04$R3t.IaBBlcdsaqXTbR58Z.WAJ6v1MKuWj.bZwNzQ4cbI0QmRvAKke
Emmerich,eturbard75@flickr.com,$2a$04$zcM7g7.LWKUaDWPmMo34GOuWwKOcNrgImk2zpM0dN7NO.3pqOUqA6
Lannie,ltoffolo76@nps.gov,$2a$04$wbcoCrm61Zc/72OMWNtBguSSbhcFVKD0gs/V1rO8hLnzpGwiY9I8y
Joshuah,jgrestye77@tripadvisor.com,$2a$04$v/HYFBjKe/4d9MQBhM5P5emlsD.kSbMs3eADYw5XHAGF5Pv6ljCjq
Urban,uhaycock78@behance.net,$2a$04$FYQ41uf1Cu9dyA8lve3nA./N7ciJ8N/eK1sBjA1sM4YneJVhhen76
Lyndsay,lgershom79@tamu.edu,$2a$04$TifRmw2ctJMvragcuFmxtufPwERWQ6wmSTb/dfCWXsXZIaoXp34/i
Gerianna,gbeeke7a@examiner.com,$2a$04$D4.nz3DT9nrcjmt3TkoPe.Ewc3w1kPQqaQmjLm4Sej3miSQ4VglQ.
Shelden,sithell7b@nature.com,$2a$04$18nKB0Imane2kk33i1qDGO244ir0HzPCKtd7tZvZbchBME.CvTN76
Tarrance,tchatto7c@bbb.org,$2a$04$yXFFsJW6Dx12QAt28aFdIOGpYdL/XVwfIjJlI8rmt/.PzsvvE3lsq
Antonetta,amcnickle7d@springer.com,$2a$04$SYN7KU6Xp5yjf0YbAgIbue8BOHwov/k7c0wu1XbZuQt5eBvMWeU7i
Esdras,earnli7e@timesonline.co.uk,$2a$04$VCpwlBpqhvtauzsuKWY6ceODD7OKcvyne4CNdiDluqUERHV0h3eOW
Valentine,vfreeth7f@netscape.com,$2a$04$ZPDCt/zcPalKOD8c4MxEN.ChWkpgGYnrtLFUVsX93DrEiOh0BFnB.
Birch,bdalzell7g@ted.com,$2a$04$impfMdPE9qVvmZv3ruMqKOUr9wyWvl501g0PDN2TX7D24I3DTJgiy
Thurstan,thelstrom7h@ucsd.edu,$2a$04$5hrfkHP/ECD05RF.ZFzyv.3SwJqBF35ob/lSH2EZuuZbm2eEZ6THW
Evvy,echantree7i@woothemes.com,$2a$04$tY11Zr1ulIjCeOan9ACLxuqMAhAJ7.hAL0v4JI7IO2WW0X.OoWfeu
Marena,mmeriet7j@arizona.edu,$2a$04$D48M/zcTyFUpZmfc8UoNy.e7I0lvfxnsri8ohpKpCDj13HWWr6zqW
Christin,clawrance7k@arizona.edu,$2a$04$cVHGxbn7Y2UY6ojGPZnRduwBEcWUZ519ScnlMVBW4Sq0WW7DrY8n2
Veronike,vkoles7l@sitemeter.com,$2a$04$cA9YLPkrKi/i4kKdetVituhiryiUPITCIYWZhrLn2jnkK.rnkdSB6
Kelvin,kpashba7m@fotki.com,$2a$04$wIAEJ3mNRS0xSJHak1yOpu4BfGqiS7qKclyF6uURoYlYl9YlM2sum
Clarisse,cdilliway7n@stumbleupon.com,$2a$04$5edti6rLDVrh8UZWeO1tBO/Gvg0rcceLoWP3KdXENb.wqfvObOccm
Derrik,dgerrit7o@ovh.net,$2a$04$pKfYVJEVmX1lzlzlyVoQQ.oD72/Ya22KKcympZZsu54IfB95dKKBW
Hortensia,hbecarra7p@hud.gov,$2a$04$cl0bQK9MFFvy9TkwyqVWUOO9t01SKyzerhzjIkrCOyTGKAz9XWcPq
Noll,nfilkin7q@paypal.com,$2a$04$BPmEljqcvcvv3EMZinCxcOLPAZkOq1Sc71.fku5sC5muvDKLZ53pO
Garwin,glassell7r@live.com,$2a$04$MDp8EEZHRBM16D4T77PdAO9HrAOvfDU9HSXk6TNBas.j4N.UUjhqC
Nikki,nizatson7s@discuz.net,$2a$04$j/571qC504shIwzJJVphZOfcpvMhcfLsaET4NQ6.jW7FTOuwPUq4G
Sylvester,sspeck7t@stanford.edu,$2a$04$vrw15qZZ5gqsLd3r/VNzLuru2KO.f/SUtknVM2gJcaN/s0i39Omhi
Caterina,cportal7u@free.fr,$2a$04$UCd9JHQXOFkjClD/X5EU/.UWMOzBngErWRqPw/PiWQJ82iimaCYe2
Giacobo,gcoopper7v@jigsy.com,$2a$04$yCpWI9e/4STHPLbv3E73cePf0LcHp/cFYc3qcqgNTGLoE7u1ARDYy
Grace,gcartmale7w@bravesites.com,$2a$04$oTNrtQkK3d/VacCxBLq0EevjP8YGDMezFzmNa1lXXiHFf1xwoBUpG
Sayre,sharce7x@spotify.com,$2a$04$k0yV8IxUOIaIHc/0ptcz5uxPgPpep0ZpPeYgx87b/GsckqEl1t19S
Beryle,beason7y@blog.com,$2a$04$ZZlIVqGn3SS5zStqrL8iUudzHGkJ8dN931A46Tnc66Yx3YFOVkcOu
Eustacia,ebaker7z@chronoengine.com,$2a$04$Lvtxg37IU2jy40/Udij22O6YIz8tkSDJvsNQyGo1glwud33iHWaSq
Minette,msarre80@nhs.uk,$2a$04$PhgxJ2KPTAC3Ea74lE0Bx.J3Kv1AUtbzehvJNbjJKKX2lSlDuKK.K
Kiri,kiwaszkiewicz81@arstechnica.com,$2a$04$jKiQk8nvlKQ8dEuvzvBgCOquDLeGovO0ZnHD6Fbl51BCn3Yug/zMe
Dav,dkorneluk82@nytimes.com,$2a$04$0f5GIFIyrvU9l6cUWQpYXu9Sv.2N3jTWfff78nvHfNOF9AGPs.pjq
Berty,bbuxey83@pagesperso-orange.fr,$2a$04$KvVqhIV1Qljb6bN6XCDf0ODSP78/3/wElL9Mk2cj4Fg.Ogbj7N/J6
Francine,fmartonfi84@accuweather.com,$2a$04$.c5rpfko1AMjy5E5pOQWLesz5Bp783pq01ZLpmEJVOdMKwAZ6sIf.
Doug,dhammonds85@disqus.com,$2a$04$Guabv2k6RcVqdqmtj.JUDOvywE7zY7k8YJa/89NTfpSP.5tTnPckS
Cortie,cedgeler86@patch.com,$2a$04$nNuQ7M43Lg2F7t/N.MfwzOYCwVEY.FrwaXxAbxdTuEDSn6iw0IxLm
Orelia,olangelaan87@amazon.co.jp,$2a$04$N0lVUSQ/L8Dv3q7krHOlcOqi2ow46Zlj1htbWtNRuRGlW8wTOxO6W
Anetta,ahuntar88@intel.com,$2a$04$sBt8bHVMtBQIhfx.YEdaLObNetVIzx4Xs10uY2y1ul1x/Oxd0.Raq
Cornelius,cvaughanhughes89@google.fr,$2a$04$ktBp69dQhyhs5CzGjQL9.u71z3UNSEvye62FG1kTtXwQWGtiKffzq
Alexina,alarby8a@arstechnica.com,$2a$04$maD1MvOCsEONb1bvamhsb.cZAxdp7hciG5oiYFgtze2EL3St5kKR6
Wang,wbromell8b@unesco.org,$2a$04$TElioKY7z.wp/eiO0UQYjeboA8fGkDflsRpTgK6QCr3GLbiijcgFu
Charmaine,cgurnee8c@dagondesign.com,$2a$04$5Kuq6cOOyIfXLS/qpv0JYONcgUhBMFu12oMyb.daG3J0aCpqVRpLu
Gilda,gmcguggy8d@phoca.cz,$2a$04$lFC6CnV6dNTw6HtwOhOTfus/BUMC9oK69D6NFqzFZ7ZrjNrC766lK
Che,clyst8e@independent.co.uk,$2a$04$yaEbmnhwjNziPkxR4Dx/VermacSz2GxmLS8lNiJal0w5Nei76IbSy
Lazaro,lbissatt8f@ed.gov,$2a$04$/7TdyBnGE0LyCn.i0.KdduEArZ4QAjKf.jxARu2pJeVXH3gs275uC
Carlo,chargrove8g@omniture.com,$2a$04$KH14QjvdV03oYql0ap3bxO9rNTbkvH4UzTRGL5PXxam9LD4zhGqqC
Jan,jcoase8h@cpanel.net,$2a$04$ZrfkggMucwBp2Xn7YYB5VuSaqEQAZd3wBiCCMNkYQA8lnbBH6Vdty
Cozmo,cmolian8i@ifeng.com,$2a$04$9znBOOu5cmApc0eaAVMzKOGgxM4vwXSq6snbjbp/jfCg/DJwi75Wi
Hesther,hmacaskill8j@yellowbook.com,$2a$04$vxOFp7yBYOkS04CVvKVJZueoBNoxNGBRp4B8dQd1IHHaOUuYxXU3G
Amargo,aspennock8k@psu.edu,$2a$04$8/2jJ9HTX1a7SEEAF8RCtOGbqiT6GCjEevzfiV7enK4I40W1fDgfu
Thorndike,tblanko8l@hubpages.com,$2a$04$IccnO7j2uZWnMsnNb2cbT.VVCGMZidgat0NPZVdcw.b1N8xi1hT.a
Andras,aoshiels8m@omniture.com,$2a$04$dSW6kZvrA1QusNdaPeh8O.5se6ee3d63auiobxKYcKeMgZThD/d3e
Russ,rbartosek8n@is.gd,$2a$04$OJNTAdn/zljm..M/JkQs2ev1xaR6cOn9Le52CyUg5pSiT71xCUsoe
Olenka,opatmore8o@mediafire.com,$2a$04$ECo5Jx4ty7XVWydvH3tqpO79SYh.JeOYXvfP/pnGV3.KyFB5ceNCK
Shel,sgronno8p@ebay.com,$2a$04$pc/rz5.8JWqr7eUP9B7l4.bU69q1ZwRhsPc5utXU0.Nyjk3ZV/RCm
Enrika,esmurfit8q@shinystat.com,$2a$04$o4E2MUts0t7sGFobrZAJce0a6ngXUaHabCHEYjehTILJalPYXgDOm
Gaspar,gmecchi8r@techcrunch.com,$2a$04$IIAgyviedi637qzmBIk2GeHo6GajRHXFSU3qof1WfS9MxJ8lQVC92
Reynard,rtrillo8s@wordpress.com,$2a$04$ETx3rNyamJ6CL2QqxAi8bugNt9FBWCHHRUG7RmU.kB4g9yJL2gIxq
Muffin,mpengilly8t@ovh.net,$2a$04$alTIADNdmPhsf3SKWsIU3.07PJqbZKqnqCa6/qEjJxb11QJJWjJFG
Nikolaos,ndudenie8u@buzzfeed.com,$2a$04$oh.kIrCn5qAfDZyLymiDj.L6bqyuvMPSkG5aovmUPoJv4yYMUtt5a
Joceline,jflintoffe8v@si.edu,$2a$04$10XO.fT5js38Q0k259V2COoWXYwMep4fKE3bCxIR6Cg5JedPpf/kO
Nels,nchislett8w@nhs.uk,$2a$04$75bHZI9OrKllVUvGqd5Fl.V6MD4z2oZE9WZOK5B2FUGcUDPHfEaVG
Emmaline,ebeston8x@ox.ac.uk,$2a$04$3Bc82FBO250yoK.N5i4LguvIUxUIQz3aTGgKTq6v/fDSml.fVOyP2
Laurena,lpittwood8y@feedburner.com,$2a$04$JkGNpq5hcLGBvIVMK7sxy.RT9jr4m8wJhqMffRhhY8qibaG1CazPe
Malena,mharbertson8z@sakura.ne.jp,$2a$04$qrHn3gq0HamNnBZ.2LXYUuQiTB8.rFmaRPYe8crKBkGUf.CMjh4wa
Keelby,kkerin90@ow.ly,$2a$04$NOxbtp8qN7cNgd/RCQOZpe5VnJGbztWHZf3kt/ESTY9YTUTvI0ZkW
Gonzales,gsimkovitz91@people.com.cn,$2a$04$MrF3aZHUkTbSt35OOWdK8u03YfgSs0pFkMxsVmglEjSi4ltMHduhS
Emlen,ekeymer92@flavors.me,$2a$04$cKXyehlOZh2HLdPjUm5LZ.xkl2Gz.1plCjb3CE7ZwXKJtgvsTZkJm
Ursulina,uearl93@paginegialle.it,$2a$04$clULBonycleYtSPM2W7m3OF5ZhhF5gC/u5lakiizu3pXtbJLiBw9u
Ilka,istallworth94@flickr.com,$2a$04$cdR/AGgK7vdPbnZPL6GTUeSFwV3zFgaBzo3dlzp1b/00JK15qF39e
Avram,atumbelty95@twitpic.com,$2a$04$dE6ts9PvKpwVVtNad3I5.u.gbg4TLPX1utxeJ6O.JqamGCPdWxGL.
Greer,gsimioli96@skype.com,$2a$04$ZOjW1NOzNCPZtzWxTKlAt.yubCs.o1g/913/EKZHXEqIRsH4FSFnO
Gratiana,gmarqyes97@ucla.edu,$2a$04$/UHA0.UGlPDo7Ek741ol/uRT1IA.K86/uraeNZkwoiDtjERgxXfvi
Jard,jallnutt98@forbes.com,$2a$04$yT8DocNqB7ZvCJPewmHXquufa2B288iEdyy2rVGpfwjfoPOI.WnGC
Danie,dkrolle99@mysql.com,$2a$04$qxT6Zmzzn87.8yTVgVZAL.KF2KYuKyU9F7RWdJiINfcyzi19Cr4V2
Eberto,elicciardi9a@360.cn,$2a$04$zucvbWFlxLrF0KGIxmHWoeEgPV6hPuhGEZi8BKjDoo28o27dHD9ve
Darbee,dtrippitt9b@indiegogo.com,$2a$04$Dzi4J.Yk1uDym.R9Tz8Zgud7eMyKBPvEIpas1j/tt716FuT2bDmOO
Natalee,nsieur9c@forbes.com,$2a$04$o2NcPZj5XHUP/kIJeTKTh.GgkQB9v30HsgA2dx.JdQYeTDNYaNuoS
Rosalie,rruger9d@smh.com.au,$2a$04$gIvK6MNmLrFaFeYAbobv8e2WkUFVYaQPEtIl48ySXPONdHJqtt7Ee
Ruthi,rbartholomew9e@amazonaws.com,$2a$04$PYS5kU98e6vtiaG2hI2L7uxJs3WOnczxQapiOU5aYfX/bsXIfhVXe
Jedd,jmatthiesen9f@mayoclinic.com,$2a$04$czACmIenx8AexAjADLkGN.qjw2IpLOhaLitF4svUCHGVrEZICDcUq
Cinderella,cdudleston9g@cdbaby.com,$2a$04$TErKIPUzWocTYubVojFzxO1.i4Kp5ZVxx7HuW0J1DJ/m4T4tz2PXy
Durand,dgrady9h@barnesandnoble.com,$2a$04$H.flaOcWgI/b.Nm9h5vrYuoKcJB6fTVh8NytuoBc3f69zy0fLGzyu
Harrie,hbracey9i@samsung.com,$2a$04$gVnpcKDzGaJLf9fVdNoHbeYErIdk/WD4rPjyQB/qmQavuJSnt6ka6
Ginni,gsporrij9j@gmpg.org,$2a$04$Cq1An5sQK/Q/0XXdh69XQe293ts5ZOqG53/mwA.nZWnV3t6s/KutO
Noah,nsperrett9k@free.fr,$2a$04$b0gxawpK5KeLALzclQZ53.qgegnKmzKfaow7TgW9rlYHyD6HgXjx2
Onfroi,obrewster9l@umn.edu,$2a$04$KTnvn284TkS5lpSekQbFYu/oZfSe4p3UgBI6x1xDQZR3/EvyVOgTq
Bianca,bmolan9m@vistaprint.com,$2a$04$pxzlGghwxcZBVDDwDqHF3ekuPWPKWpWDOTA0NMvfAKdkaEJ3uF5Oq
Delaney,dpadwick9n@printfriendly.com,$2a$04$fmAFUDU3UKtXcxHHEYafgOn1jmR5NSeZZ81hkgvFMZDTRwH/9.fFu
Noreen,nreolfi9o@earthlink.net,$2a$04$B8yBjnZwGJZUVH50F8EozO2W0Cf06xpBovGbDCoo24LJVphiQxr5W
Kellen,kbrumpton9p@list-manage.com,$2a$04$0qnCplt0IEbaZf8dep8yy.ep4iYT8OBdluKefdxk2x0AEmSC6lQZK
Casey,chillhouse9q@g.co,$2a$04$wa8LODnw6LqM8Wvdsixtt.Uri8hsBmKyVfEhzN7ExuMXPTS/p/iXS
Stephanus,sglasspoole9r@bandcamp.com,$2a$04$QpdvIhqjseJUB/YmWtPj2OmwKe2F10qnn7cn8apLBOFXfdWFQ0Mn6
Ignacius,iblackhurst9s@stumbleupon.com,$2a$04$JNqgSyUAV0wl1vcrIBqPc.ODZi8tdRGFjnizEl8EJ72R/lHQHtXHe
Diana,dgiffen9t@washingtonpost.com,$2a$04$6XhabFdLP6c9zhxtjXNlgO6vhvoo3Yj2vASaxtHBwjB1xYYPu1a/G
Lukas,lpaulig9u@tripadvisor.com,$2a$04$gj0SjDMXh1JP3K/w.UgJqe2UvdJrNKomfUIzulA9Umwr0s7aMLukq
Eldridge,eclemendot9v@harvard.edu,$2a$04$M/21VTH7Dq3/kgbRsWbQ4uGr8hZBGXCLdoQQB0mKbM8wnUeu8JF6C
Hyacinthe,hlafranconi9w@apache.org,$2a$04$JhgP7NG7ESDxMaTq83rMgu5FXRPmiJfKJHG.yEgssuIIncjFGScCO
Marcy,mmcquirter9x@sciencedirect.com,$2a$04$3cESWNSx1xtaJxdvkl8.aeNr1yDhkxD5FyXvs8Tvf7Rfd7VBgYZOW
Kala,kferreli9y@msn.com,$2a$04$3o8beJXhJaJifzLGf/obge7aag55i1SspE8xyLgU5JfMzP3SndrE.
Biron,bbullas9z@deviantart.com,$2a$04$yPPSV1NjI3Wc6K8cfysUQ.8QYAQPlwx3i859a8cNZeu0eoWX90oIO
Binky,bphilipeta0@goodreads.com,$2a$04$UH3kNKrirKe6N5ELBJnRdOBgSqCWok52Q160QkHhw9ek4/TWIBkRW
Korie,kalgya1@multiply.com,$2a$04$fbTYCbvMLuSTzD2B7jDM0.DriNuc3ouwW7BeHXXvd2iJuTgPDCFyi
Lynda,lsexstonea2@examiner.com,$2a$04$rqrPFTe0UIaIh7cIJR.LC.iFfEsA5EtQNBre2qc1eanEJfCIe6KnK
Jon,jzahora3@pagesperso-orange.fr,$2a$04$N1WJ.XRY3pYuVr.1JPpcheE4.Tu3gCme7amUsDGJQAOYZyOBcAUi2
Casar,cstillmanna4@gravatar.com,$2a$04$U0T2JOyVxh5Rcfybjk8coOLjWj1dpflD2xYAnhw.pOtL5QbqA5o3e
Peggie,promia5@sfgate.com,$2a$04$hxoM7OC/7VilQjpM1plTSu4QV4os6BPSQDf3uZJI0EzbKlcigIROS
Morgan,mgrattana6@ocn.ne.jp,$2a$04$.x7rKQBy0qPgiK9BnJ1WauVbXB9vp/vvBRmGdTP/Boam6N4Ux/BCa
Allard,arintoula7@example.com,$2a$04$BBIY5/iVJ0Vnq7z8FzjcHO/wgGXB6QX4HvqbnSPmdKO/58IBtbkCC
Patrizio,pleversona8@businessweek.com,$2a$04$KZsKR5qhoNQaSB.hdm4jwO/.nbUnhy9sJyqZqoFXr8InJJmK4xnr.
Gertrude,gpeatmana9@twitpic.com,$2a$04$QfL1ccjAJrOC/kPPPMNsY.02xMlwXon8v5.v7tHDhNUo/x9.w3pXa
Nancy,nquigleyaa@shinystat.com,$2a$04$aqV8L4dD8WxkRokcsnAkreO71biyYisoilrLj4jnuM8gZWnXhFkEq
Bernardina,bjaslemab@wikipedia.org,$2a$04$Do35w1MaoY3rTslVFyqRJeKww4LD3dCl50xKNRgLpFvdeQZ/WXbXq
Davon,dbroomheadac@usnews.com,$2a$04$aBMn.dE.5V5ry7qsbxpsv.V8R2ia32CPHqdi9zKDo1KLDGvGNtJg2
Claresta,cbeckhamad@cornell.edu,$2a$04$rE0c/3rD9zgKpMC744kMNuJryqL5bLU04ye3BMWOpPbt0N92lkdxe
Frankie,favramovitzae@ocn.ne.jp,$2a$04$Zo3vemasXgChiQMLtYYXuueUmj196JvMqv776oh7SMG0J/ke6RbMu
Lief,lbowkeraf@mac.com,$2a$04$jaq8dwqWAknvmj3A0FFYfuOeYxtrpoE66wtJD80alGOCLxcQqroL.
Shoshanna,sbackesag@chronoengine.com,$2a$04$1kS3reeNfNtqDQnKkYRTEepWpN.eQ/u4Euj2hL73d8SgD8M8eQu.m
Cthrine,challawaysah@paypal.com,$2a$04$vYKndULwME9Q13JQaLINre3Au5jFjdVuRrJHPFmQqtIFvhKyu386u
Frederique,fstowgillai@usa.gov,$2a$04$QH7l2PwaGfUtgqFCT8V6puFwG9Nva.6pzD4UNMdF0C5w2IF4ag.mC
Carlene,cryalaj@google.co.uk,$2a$04$HOtaZE9kejaNNbaEMVJWc.aIuTIeNXdeffowuckxVGTBNJo4YW3Ni
Frants,flonsdaleak@squarespace.com,$2a$04$VbgNIvA4zmQlEAdljD3chOjdqsAqXQmP7yZMxg51udSm5xV0SEzOa
Penelopa,pspurgeal@weather.com,$2a$04$Gfn/G/hLlGySIWB2.cshm.BLnV436pxqRLtE3jiMFzjcQnkOIglcO
Brendis,bvasyuninam@mit.edu,$2a$04$tJlg601R6JLNjVOhUvOjdeDmY45aiLO4zBNmNNihlQKXntG0iUQTW
Mead,mdonnettan@techcrunch.com,$2a$04$1iK71vAUbYLK1444XIAs9.0XbrArWAu1fKxqaHJ/yPBkIjitTatDq
Adrien,acayao@reuters.com,$2a$04$OGev59gkAvKofbzLQxvMRONNnx3c2xwk6Bpcb7qM6aS9Wv/ZyE7MG
Monty,mpuddenap@spotify.com,$2a$04$8B1eoN5KF6IJ4eWL2SIvIedC3jcbjf.fsnVDAPbWq8IGVyhdts/Dq
Leonard,loakmanaq@prweb.com,$2a$04$OaQebss22swrikaFhxZPYOcFEmELX9CP3a3VgqMs6CzpxkZEgieEO
Godfry,gbennetonar@pcworld.com,$2a$04$sWCx/BQyA.qov2AzmYKjeufB0NpUdQ7jP6TMjWLsa.38HM9QiON5K
Quintana,qsemarkas@addthis.com,$2a$04$9hDZ66IPeRKD7qWJ34ajGeLcxyaYNIddzgE64ZsBeEfckrRQRWVVe
Marchall,mmaletrattat@digg.com,$2a$04$HysflvIzecQ16FpuvmrAQufLzesX67FZtDiXzEE2zmi1.EOPIVJ8K
Timmie,tshawau@cbc.ca,$2a$04$ly/CaoS4hwm93lrTG.0Z3.rS.stLFNY0xkqeh01.j6/1da2JtMsQC
Silvain,sfebryav@blogger.com,$2a$04$fIcyH2BrcZLpNR4J0ZicKO1sQcjft9leXoV46FC1JxrIKQ1eZYH8G
Steward,sfontesaw@unblog.fr,$2a$04$s1UybaGMCS6CyarxCPB00eTtvDOqBKHtanLoRujY0C4jjE.VC1ncq
Samson,scomberbachax@miibeian.gov.cn,$2a$04$A3m3n/Mwi9I9fxK8tK26RO7sBJf9OT.VM0lKKxrhH4erYwsYdgpQ6
Moyra,mbaccasay@phpbb.com,$2a$04$gSDmHG.w74MAl5BdIpnsruf9zXFOAtzB9EZeSWzJlj/3V20qCOOju
Linn,lkolushevaz@mac.com,$2a$04$bE0eAwpR.qe9p.4JKRFzX.bauONtYmbnyzdQj.TbvTpJPaITbr2ia
Lindsey,lspaduccib0@tripod.com,$2a$04$zn4/k7KJiKz0eJGo6ErMP.eFr7DLg0cxlCSbddyq66mThWLHffslW
Tadeas,twestneyb1@free.fr,$2a$04$4OvrRh.wl6FHRNZCcORq.ejznITZ16khvQzJH/UmwKF5uWGN37PPq
Meara,mwoolliamsb2@prnewswire.com,$2a$04$K32aae6Ht1fNgKYlY0hTUuQiHCXM3aqDkH34pXTt3nafR4WoGn3n2
Dom,dhixleyb3@cloudflare.com,$2a$04$udLCGimyFtC1DcOB/wY43.ryl63iCFqUQbXbhH3WYATzLY08OLcv2
Mariette,mdallywaterb4@ca.gov,$2a$04$89U0kajIjiiaikII.LLAZ.UsHKDyqgOy5I9UHhrNM8OwYW7JqcCB.
Gwenora,ggainsborob5@ed.gov,$2a$04$kWNhtov/818QBCgnmNI/FeWGgWT24Vx/a4kIGhTOaHf/0FAemoi2K
Christin,cbrungerb6@behance.net,$2a$04$/OZ2H3XaRX6clGUq9VFxzOkcofwclQxl.0TP9O7.jtbLxVK80BjtO
Gayelord,gdanielsohnb7@ning.com,$2a$04$vtY0keSOKbBHRYxY3KeUg.W3gbH3DMHXPk2rmEiDfENqwvYZ8/BR6
Ewen,egiggieb8@t.co,$2a$04$m1p83kAEP7PX9WUDEShV9.bFFCEgbdzhiEdSG7FXDrB8SpNVTWj2G
Sebastiano,sbensteadb9@tmall.com,$2a$04$77VgIYCYY14Qt4JlgBU17OuI2MogV6RrrO3S22aQDCKVdGyDP9TE.
Jarret,jmiroyba@dmoz.org,$2a$04$MGiWeL18s0w8ziiF0HoMQ.5oq683Q3QUwwHHqG20T7/yqs/cXrYZe
Roddy,rfellgatebb@cpanel.net,$2a$04$NCjvYsVzoPSHY86xO6ieke9PyYJM4wr0cbUshsznko4BRKN6DZF42
Georgie,gbrowsebc@economist.com,$2a$04$epHkTlrWghJOJGilGUAGruZDOqnP5DHuv.tZTg2k/F3EEzmLmWtV2
Bordie,bpolycotebd@sohu.com,$2a$04$9GTHa.2fOEW9EDM27bys2ut/6jZYYaZSVabHc5hfO6UJj/8A9Np6S
Tommy,tmoorcraftbe@comsenz.com,$2a$04$QLa3Wm29xIHQ1vzTo07M7.rbbvnc6zSxTVG.wKTYUI.7WBNbTAHFC
Abbe,aricharsonbf@nyu.edu,$2a$04$mlAA8LOLJ5UIyB4YEY/tj.eQYsRxmwAUbjcb5zAFKwuKv7gO8n27i
Adler,ajickellsbg@arizona.edu,$2a$04$aPj0FvZ5HLo3yP3CHKRHCOHnGQkjO.KcF0Fh8dGd6cYs3Rnn5FJ3K
Sawyere,schuebh@domainmarket.com,$2a$04$EJr2MCDOrTuOkqYxYOKzVOV3T0DMJ62l3Ti8/bvUhJKqjtHHRo.52
Brinn,bfalckbi@vkontakte.ru,$2a$04$YdhYpPKV2ONAJNLmJsDPg..rf8gmYZURs/lLwcH8DBI/oYW0lYx9e
Em,eatkirkbj@intel.com,$2a$04$Dn45i.WpRZ4yR3mM30cAsezhDXBUuutqeWWvvgivPROVZ.WDMnMAO
Linea,lkeiltybk@mediafire.com,$2a$04$oiDeECdw1eb0h4vd8Fcf0OTnwyQYwYH2Uja.08zy7n8kDDdJ7PpeC
Baxie,bdallmanbl@joomla.org,$2a$04$p1SKto7cDRcM3PtPnebcjeo16GgjrCs8l0dwUQzlhvIIwUxncqnnS
Matt,mmattausbm@theguardian.com,$2a$04$SCv5dT6RJ9p6O/im2lnxHe970dZZOZr3FCERTu50v6ecbPpEak1D.
Corrina,cgoodwinbn@mozilla.com,$2a$04$fL.PJHE61uJ3aFoLuD6puuI7QnWMXOgxPdyr7DD0bH.p0Q0NhkV2O
Bertram,bwildebo@nasa.gov,$2a$04$UeptQPzd4QmStQQEyJ9R3.lWmiq3ia.wS7PrUMA6rayXPOrkFH0oi
Bartolomeo,bstidstonbp@sina.com.cn,$2a$04$8KY8ECyBL98EP6Txmyah7uJhHI3vfUQ4Hohjja.zBmdKd6pxnJt6e
Gustaf,gshureybq@1688.com,$2a$04$IuIs0rflYvPTQMecbKcl4uao34MSkE/KUI0mTFmNE00q1rYkXfa.6
Bentley,bchevertonbr@nydailynews.com,$2a$04$MFPnwjPAxylyNF8EgI0PeuEpA7/9hFl5YG4zwjhl3zGMx64JKhgEq
Leora,lredemilebs@si.edu,$2a$04$5duRcwaJ533mMsJq5EivAe1VNCPBXHE5cJ1xLeYMDPpOcavNunbR.
Maxi,mhuzzaybt@blogger.com,$2a$04$XzUIsCwliTonS23GadU5NOv9V8lHarpHb7dXV5GJ5jI6bxOVS.n2m
Anetta,amuccinobu@gov.uk,$2a$04$w7Ms41XH8iHE8m1ou1hEzOI3O9wfBYNScyE4f9wUvkm68Nr4GGtIe
Andrey,abraccobv@tamu.edu,$2a$04$J8wgZhL0epTzknkPr/U9RuFZ6HHP2v6T/1E5b.h9qcv9nB3/KfhZ2
Fremont,fboggonbw@skyrock.com,$2a$04$fMwCg6TXnX6bSY11tdJj2.RuW2tKrMiE11sU1cGeyHBgEyzJvNyz2
Lyssa,lsidebothambx@flickr.com,$2a$04$HWWhnANW6I8Drc4.K5I9R.5GQrqyZftF0gdds8zSxqEO6E2GLzc7W
Myrah,meselerby@bizjournals.com,$2a$04$TTPo2H4b2.h4TDT4unN96.zAWy9XVfBkfU84VOpPRYfhXKAE85OXa
Lizzie,lfeildenbz@wisc.edu,$2a$04$z5uP9DqGa121ZfXS6rVFGedXPu9GBe1nqzE.Ju22oM3QVgL8OUrsi
Sallie,sledgerc0@senate.gov,$2a$04$6G0OWcDUP0MPGXexyZp1cOLNSN96LpF.whD8mPDljdTdOY4F6PJsm
Rolph,rashmentc1@goo.ne.jp,$2a$04$IKzpWxJEL88WLpMGkxmycenoxaim/EazgmzLtLeSX0WRKcEUE67NK
Candy,cpiccardc2@dmoz.org,$2a$04$Gze5TDpqWwHz59ERLVoxL.D1Rytrv1Q2ekauDphm3T4xPjeQNkTda
Abagail,ayoudec3@tinyurl.com,$2a$04$kVabZSMKvp1Q8xQw/Jfk5.ypFlbgyohYG2jcf1faK0wAxJ6t6p2BC
Lynnelle,lcobbec4@indiatimes.com,$2a$04$avkz7hwEJw1W/J2HLSMp2uAbvlszklWbu9kPh5wgRs4eThzVByvOm
Marin,merleyc5@miibeian.gov.cn,$2a$04$8HOMOiy8ZWwMv6kG1jZHwOVkT.tgV1mn2mDR0mWbc1aqOYXzA8dPq
Taite,tbogiec6@ibm.com,$2a$04$VBXt6opiJZpP.BL8IlxoXO5SuntnnqZ88TOlPzWBRXRAl4wYKYPJW
Falito,fverryc7@buzzfeed.com,$2a$04$VdQ4ZQAj73SXAdT0As7f3.ZTZp98cSMHxXfs2U83Ya2foq0noJ6zO
Tove,tcrankshawc8@ehow.com,$2a$04$hkp6yrTFpRYvGhYbz4gftuMY23S0QECVsEojwytAGCFRhbDbehQbe
Ginger,gliddallc9@wordpress.org,$2a$04$mZT9KMoTJdiHj1T7MPTWV.ndnjpGoxi8ymdWhWXAyByynTxooy4rK
Kala,ktomlinsonca@t.co,$2a$04$8hqyFlQDI0PHfc6ertGKl.j068qDiCnKTvpV3AjsWYhfXb86mfjd2
Cissy,ccracknallcb@vinaora.com,$2a$04$GntI.2fLo65fftWuZ/gc3e0PinrthmlagRVJWni51wBXoLuIlEu4.
Addy,amcgirlcc@odnoklassniki.ru,$2a$04$0bm6f8ORd0X/c6y3l7I59ec7M3svqeGH4OVP6MC8OPpP31TspIsC.
Corabelle,cminallcd@desdev.cn,$2a$04$xzDbGwtyKz3nDeebbvPTDuIGS7vQKD3Edqa6pwLFnMqGhEVcA5oC6
Kare,krobertce@newyorker.com,$2a$04$3fZueSfq1XDb1Ypaj9hz9OHw36sD5K91tMzqgpseW3VO68lZIVcaq
Auberon,arampleecf@privacy.gov.au,$2a$04$VxotbqudhlI8sAH3QG.z3.7A8lDumlKNAHhX5AVS7SNUVu0cGvJ/W
Leonard,lagdahlcg@blinklist.com,$2a$04$UofN1ONDQQkH9oNZ3p38F.gbxXwn36QLZ7nn7ZwrDbfeBkKR6VjX.
Tresa,tcubbitch@domainmarket.com,$2a$04$7XNGBJSd1c4rjyEFYKy1OObh9gFiOe1Psde/LATt1N.DkzXfR9F5e
Kelly,ktolfreyci@google.it,$2a$04$TMFY.FCI4AYoa2QdoVSvpOJfXPRL9cgK7snCmhriYjvkDjHKAcVrO
Lyell,lsanchizcj@google.ru,$2a$04$Aw2yhj6HA96KJl/2RTTBPOjy9hGE3OxT3KOUPq7Xe5A6nrtcNd1VO
Horace,hvedenisovck@mediafire.com,$2a$04$M1h6xGFicKhzPtU00qh1uuNGJuPDLdaZ9oAcUHb5rDPXKEFyXN2Q.
Biron,bmattiellicl@arizona.edu,$2a$04$X4JVugZ8fVQhNf8VAFeyGul2wqsijaZZjHQlLS6xwe4Jb2s35nWHm
Chelsey,ctuddenhamcm@issuu.com,$2a$04$nXFj7ZYF/2IWhiTHK7wHUuwe4CSR9NBzhAZOoSMu.ixVvjbeOFLVW
Artemas,aapplewhaitecn@ucsd.edu,$2a$04$kzoq.5Lkpm3KlyRRm8Tx.uT.5.UjIoHam1L4O3BP3gbuNVLDlFee6
Mahalia,mbathowco@pen.io,$2a$04$yE5tCRkPtnmvDleUMmEm5O5JwifBcptNfG.gAb4A5Ta5TJwY.3fwm
Sly,sgookescp@economist.com,$2a$04$1lPPANQuHiX0VDn3hndYdO4wJpJTxK0uHNTJ0UgvlNlqYeqNZvjgS
Ignace,ibeaumentcq@google.de,$2a$04$H1H7Yf0t2j/RgmPfyRiB0u/ekiTuzO/23H0fT81SwFm1gmgG3OGnK
Cristen,clamertoncr@ask.com,$2a$04$z7Aw4vkIZ9ICeyKMBjznkuL.JsOrMOeoCnbco4q47TIYKz17/.Xgi
Ravid,rallawycs@wikia.com,$2a$04$1hjrCEJ.FZAyBqUUG/qgn.FfwM5gl1ro9NXD7jK3MTTGG.maafoEi
Monica,mtugwellct@epa.gov,$2a$04$Rb8KYN6HfFi1QnJjBIwRGOtVNFeDuzCyQG3wV6l1QDAR7SI39pe9q
Irving,ijoriozcu@pen.io,$2a$04$bm6DFfkgG7V2KZxsPIwJjugR.6zfcWgCNob1tdz/XLBJ4gpuO54dq
Robinet,rroakescv@macromedia.com,$2a$04$ZNyT.KCtexpKulIHanNqO.mtojnSXd49T6R9BbzwmjNQTO26TsA2i
Tallou,tmaccartaircw@sourceforge.net,$2a$04$/NUEMmqY1uemdxHCo4O0OOILrQ//HnhOABNluV0lrfAwq8KURiyv6
Susanne,sjanatacx@instagram.com,$2a$04$cnzqUn1BtKP/VgZI/NDX8OGMa/eJ/PVKxhR/VgZhtouN2KKRaaWXa
Izabel,itomancy@seattletimes.com,$2a$04$fj7fdix9a/wMzs6gc7q/NO8VqkVC99j9TEt33VyekvBM4IfSI.lHm
Marylynne,mkennicottcz@addtoany.com,$2a$04$ccc0reDTFpkW2LDbPk60K./NGW8HJ.g2.Se8iR9.slVdahu1o3Xt2
Odele,otothacotd0@newyorker.com,$2a$04$UGqUAXmlOljqWwhvhwQlye5llC6VIPIVnb4cQsvvz3w5P8xdC3uAq
Den,dsummersond1@geocities.com,$2a$04$CcJ9S2f5nxL0PJ.ym9Vs7.b1MIGe/ETkqMaxsLiXjgO65WHuhTioC
Maisey,mfishleed2@printfriendly.com,$2a$04$RnGGshQRbse.czv76xTgle/xcaITq7qpf3HM86jb2Qrmog3XBfkF6
Cornelia,cjaniszewskid3@drupal.org,$2a$04$N.8Zcevdjf8mBhyPC/gZ0emxuSpTDfzQrN33RkamBzvrq.GYR8wIW
Daven,dgoddertsfd4@netvibes.com,$2a$04$DMhcqec2bg./tY2ZMHefS.hLx2doHCCtMBckOBMbOQCUKEuWfb0QK
Linnell,lveltmannd5@skyrock.com,$2a$04$SjchfrRAzNXo6QoNsKpgSuJI3EifRHMcbzYlSldnFhB3efq8bxRoW
Alric,adumbrelld6@facebook.com,$2a$04$5dCWEuHpdOhwwkNkndGuH.1DJkudD.6oUpj7IOLytFc.DGPDepX4S
Janka,jramseyd7@cnbc.com,$2a$04$IF/fKW25YbQ/bW0S1ZHexOqJHgpl.PDFXUnZK/UY5fGpGT4ZLCxe6
Kati,kmeird8@tripadvisor.com,$2a$04$LANshtqverKP.5L/oyU2l.e3PPPBAQDLDEUty9Xwxc9w6cwMLrCZO
Leroy,lhurld9@biblegateway.com,$2a$04$egRoky4DTkcZE9r5htk67O9Cq.dYfI1E/Y.QpXFN5tOp8JKAA5soG
Moses,mchithamda@usda.gov,$2a$04$hVdNR41OnxSkXmBRLFHp7eDyy.kRLcAYd13drMpWWKjP7N670bJTu
Walliw,wbowlerdb@hibu.com,$2a$04$y5pQPLSN51duh8zroYFiU.TFRdodBj.nJ6NX3BLnk9g26mqZrcAAu
Mirna,mbulcockdc@msu.edu,$2a$04$xXleZI.92T/OSep7xyiQwONBRXLsE9jov14eEAElKwz9PPpfpmmIa
Gates,gpertondd@google.nl,$2a$04$iMfj.JKQCqqcfNoKv1UlwuI2Sfnsowq0/xVm2kpowYRLGXA3LEKgW
Brena,babazide@behance.net,$2a$04$4Y643eVxtGwQEvu9WuI8aOw47zt3VT5HludaGsoWca3LulHeI.wd.
Gorden,gkiftdf@diigo.com,$2a$04$53spJ8CMkDs8l.iRF8ukTe/b/8gkoqU9etJugGfftlFvtJ40KjkY2
Westley,wpeinkedg@squarespace.com,$2a$04$CR6QXmTBs.qONJq.Tfu13u5wTTqIjUFJQowY9PLAy9asuBqdW27Wy
Eb,ejappdh@nasa.gov,$2a$04$UQtUxcEQZWL7yxqbjQpZeuKF4pIPDQdffx2fN70m.YPbLie2Ifxwq
Ellsworth,echallicumdi@cpanel.net,$2a$04$Xh.r/rIHgMEpSvBINu78e.9jbAS8XygllsC1AmQI78pIf.oPb0kSy
Linet,lgendrickedj@google.nl,$2a$04$KshXydzhmpNoVQCEbF99yOWM0aK.HxPl0oWUfArv3KhcQDG1A/da2
Benita,bportchdk@fastcompany.com,$2a$04$6VqGp2pR4YDiKu5XOOMZvuaQgnCzq262z57bVrdIHmGQ1AYom.j3a
Vasilis,vverrechiadl@netvibes.com,$2a$04$WZZNd4XhCOhI.vC98vbfyuNJaIEdI9B3ub7EWwAN5H9CxpgcSuQqi
Rose,rdeavesdm@dailymail.co.uk,$2a$04$Bu3XBNLpTD7h9w4UZTqtReM2YC8U4TnjDon1ucFnkrP8NK6UcyOBi
Mercie,mbyrnedn@skype.com,$2a$04$2y6GXn7j5AykYashCXnJfeDCimmvwOSz.Kr9hWiGzH0qgR/KAZXYC
Rebbecca,rbeavisdo@quantcast.com,$2a$04$Yd52ncdAOchinmE6MDDLleUqC9RJP25.lsURoby7MbPrXEjwYydb6
Ruggiero,rriteleydp@mozilla.org,$2a$04$KSnQP24yNCVNwnmXDHCNiOhdiXSKZ147aFU28JRIqCjlHPEj2f/4G
Koren,kreynoolldsdq@dropbox.com,$2a$04$CWQqy1el4Do8zrksvwe5zOmf7IwOfq75rrjDkUneggDtsnpMFJpie
Norrie,nboobyerdr@about.me,$2a$04$HvlOPxdLMDoTVDPO87theuqKbeB45HwUFjqQI.3wHRwutYkPLki4i
Fredrika,fcesconds@canalblog.com,$2a$04$Cz5uf1NFWJr0hWW3.a0KOue2nRqpfmJmVFeQqidDBeVFQmitewi/S
Stacy,sanyondt@devhub.com,$2a$04$LUHLvx0sMCQv7.QPaGFU1.dAWPfQ4nhsCQdFj/DpzSZZ9fEMwG25K
Yulma,ybuxcydu@scientificamerican.com,$2a$04$AdN8ctE4xacRL4rIVZ7/cuyb14T5sIrKdQSUKvGQFEUlDGryqlE5m
Lorenza,ltaylodv@google.ru,$2a$04$7QcfxmgybUsJV7Pr2I9p.eo95D1lbtLAcAl2Oi340ZkuU9OZh1eVW
Glynn,gronchkadw@cisco.com,$2a$04$qXUBH6j5MV1tDhmtFtIwZOh8sRi5Y9XDf8HM/mQvNO7E.wtQM0Hee
Kathie,kkastingdx@ustream.tv,$2a$04$pyaw64V0D80r6fS1qLebPeOY7NWM4Yj1.Pu15p285vq9/9u8RSdEa
Carling,cvasyunindy@google.ru,$2a$04$fMlywujfM3SYyVCmWgmHT..VoCf7CWsTxJlty3OvREB4GBMeed8Be
Wylma,wtzardz@feedburner.com,$2a$04$UUQHcRxgPh5Ts8azWkjvbelp1P48YQ.PDjt2Gh5YA6lsGD76O0xT.
Melissa,mpinarde0@yandex.ru,$2a$04$OqxDRsQ1YcVHdYehnutB1.Musy3jWuMcPne6BfF0DFO8Te4ewQvj2
Aristotle,akimbere1@tmall.com,$2a$04$cnMxsB.4EoPy8F6B7OEKduPib0a5em1qg9/oRy83K2FYJA.K8fbHG
Ingrim,iwillishiree2@over-blog.com,$2a$04$lS7UfNw7jLVnq90HzFwvvenThPcImCetEhdwvgp/OVzS5QucEnmt2
Hayley,hgaunte3@youtu.be,$2a$04$Ahqpgekm7Nscm/bjtn7pPulJfiw9a42NicdoBc6rvK68AscJdW5A2
Fey,fperigeauxe4@tamu.edu,$2a$04$ErHyJgtZoQN4s8fb6ZjMju8AzBuqJQtIzXlD.Ivh/c8gqkM5nE5km
Kathy,ksprackline5@virginia.edu,$2a$04$W9rgBeK3S/2Qtr2LKX7CgeHV.Tke03EwKIG1uw7wpijojlb0v0JFy
Angele,ahammane6@bbc.co.uk,$2a$04$U.W.UIBg5.75B589wxE6Wug2U7QQnzFjHyr.oyXlRCR70pN8pWrQO
Westley,wpococke7@360.cn,$2a$04$6VoGUY4sdfhjwwnA2lyupuVQZ12or/Xy1Hz/SscC6Vs9y3LEHepXC
Park,pdoerre8@rakuten.co.jp,$2a$04$s2P.qhd7t3Wq7OhKxQ/m4e1ZJcuB7jynKqiesT07lBhpeJ4GQ8VGu
Claire,cwastlinge9@zdnet.com,$2a$04$xyH1/LFSvYBPlGMYL2NN..IfhGAafJ6ZlzHrUog/ZFGOaSv21gu5O
Tomkin,tchomickiea@amazon.co.uk,$2a$04$OSJ6sKJZhGeuIosLzzgyR.6ZsYqtUys3iMG5.aMLhbmz3FpL49fZu
Kordula,kchavezeb@ucla.edu,$2a$04$XtJoKySN76ghNgbYBnjTs.s43OK6c4d4kUskjYDYSSDv5NaT5qIJe
Sybilla,sjuschkaec@dedecms.com,$2a$04$1c2WX5o8Y4Oy1/pKn5P8lOF2bkyW6DDN26tr4Xt31KRzqW56eHY9q
Nell,ndunninged@usda.gov,$2a$04$CujPHhtA3x42DV9ZIZM5iuh7m8xUfVUJYwePZUZVGSeLvQfzVsZHm
Katti,ktrevenaee@yellowbook.com,$2a$04$59sAHl1CvcNZGT8Ao1KpRulioPpJLbB9/DdXmzZHUNZzAUmKmXImG
Sauncho,sculchethef@bluehost.com,$2a$04$WvoaVNr.T1voe5arYrrLU.oS17Rq.fpGoG3VtwjA9KG3o1RitXGRC
Manolo,mtanseyeg@opensource.org,$2a$04$GoWtUPwvyHIQqRKAQ1rm5u9/85KuhAyykP.ax62Rl.VT5bwo7d4DG
Darrel,dcustanceeh@plala.or.jp,$2a$04$FbeVD8zb3qcVvXkdMBWI..kz7NcSmdtXqd5zWAsOdekaBU9ZlcS/6
Prisca,pmainwaringei@bloglovin.com,$2a$04$yL6S8akww1kDvL5wRQMIfuxcQSeV9yOfYuNIEwk2KRJlGElNu160a
Shana,smelmoreej@uiuc.edu,$2a$04$4pofHjEXjjs5N.SdoN5noOWY9wdXXHHxvQT.TwpS6A9xBfVaEK9T.
Flossi,fewlesek@ustream.tv,$2a$04$u0sgGeRbiTKFiWIjvP1tjeGfUOFbIQRFvsDD81NtdhpxmBIQqRCXe
Melisse,mbazelyel@freewebs.com,$2a$04$pOz/CZAPFOt9HWpZkxHdFulR/L2V7urBfLkiXXBICdqOkXnOY2doy
Frayda,frichingsem@vkontakte.ru,$2a$04$fy9evNeyznthlZqyyc0kq.ilH62oNqxWxCFKuJR8wNqhXiZ4SvDxe
Joleen,jdiableen@huffingtonpost.com,$2a$04$aAZkCVYbS9KXcG.CgPnbyOOiaImD1TLx4lGgJDkohk1b9lg6.y09y
Nikolas,nwitcheo@nps.gov,$2a$04$7ww1Y/Yv6FGS19YfT8VCQ..iuDCoQltx70KKuE4QejG13gEC.fCWq
Irving,ijobep@netlog.com,$2a$04$ZPrm1Jdrt.IqfDumggzRyuRotczRjCY3Xi7Z7b24AypLNXfg7go0i
Evelina,ebrombyeq@delicious.com,$2a$04$2.J3xnhatJPGefZqshG9oOhm/HCcGfbkDf29L3nf4uqR4NcaTyrHO
Raven,rpriceer@un.org,$2a$04$1Hbj9oPuuMBi4/Uj0iZ7/uBmLFRF5Hoq3DaH68NDKNJdeUrYUtPOu
Cleon,charfootes@usnews.com,$2a$04$Z4dh3EqiYt3mzbQ88BPqOuhGWQR5U.4qsnuDG9ODTZU/vp7D9DaNq
Doro,dgladbecket@sakura.ne.jp,$2a$04$H45oq.9Nilv4iVdWH0SlQusinrfgHii7HwO3xOEH9QRSmc1niniYW
Viviyan,vwykeseu@apache.org,$2a$04$xDv/2NwLTnI7AK3UKMiV7ulQ..vNv0y7EPVumOGBUaHFdzlrgyQOy
Cad,clednerev@mail.ru,$2a$04$AeQyzID.Z7.Lg6kUSKChzuKmbxkbhdJBM2q2RifYDE0DRO.KgKcfy
Thorny,tlangelayew@usa.gov,$2a$04$N/VCNlNqI8pqsH4S76pqjeKmICgJl8aZ6q26gONy6M9O41LW2wIyy
Alberta,acrownex@cbsnews.com,$2a$04$4JF7O.SIzotNTFMlzXNGMeFzsQImf9svsPMAELBIZ2EDvCK.vZGma
Ad,astubbeleyey@prnewswire.com,$2a$04$O/khQnd4LzQe7xjBKjPIYuF9Nx6gfUDpy.2jIEIJ2uNSVQL.xOWwW
Darwin,dspacyez@fotki.com,$2a$04$fS3ibt.tfj7QOyMhAnmMqOWlu3a5TOxthVqw5MK0JP1ulTou28dUG
Bobby,bteresaf0@live.com,$2a$04$C.36quXzxaUyX9l4JQRu7.rkLwQ8G7R.GKH0ZA8CXuXxEXFiJvJDi
Noam,nbellochtf1@aboutads.info,$2a$04$lBMjKEgWnZU8BsUpIVC3tOSvgHnlEuKQJXQgY/iNqbq.czbPHp/O.
Bryanty,bvandenbroekf2@jiathis.com,$2a$04$prVHnbJgM9mMYGtVNx72UutzL5CwBS/Zo2p10ckOL3.4KmgvD034u
Bern,btutillf3@rambler.ru,$2a$04$3zDqn7EmDlJKwTYmHatopuOLHBAjAphdy5h/ncGGhReBr6rjwhMLS
Kelly,kbeazleighf4@prweb.com,$2a$04$cIKBGcfLET6hXV3bNmwBleyMmZvlDADOTpmsFyZABVMmcXf0YnIhO
Rosemarie,rarmsbyf5@marriott.com,$2a$04$N.s22LtQ1imJ6jf0hl5Ch.j9weef2QTnfBKOQM/CvMn9jlR8jDoqy
Cosetta,chaworthf6@columbia.edu,$2a$04$nK1T5Z6yCPipchfP8iA3aOjjRH4dkPyhpcI04uFBZZHB8wQVxE0.i
Kara-lynn,klangloisf7@macromedia.com,$2a$04$ihgtVAepwg3cBdHrZXs4FerY0XPyF4CFfi.91euDQPm7je6GFTE3W
Ursuline,uwoolamf8@github.io,$2a$04$dj2fzCgFyi.IAMwzKV.5fOuOWgWWalo.d.GHF4F99XLz5bUAG0HN6
Ario,akahlerf9@fema.gov,$2a$04$88pKhhltMB6BWlOGSwRyf.jsxUO0Fa5DNYOYTZEwjaSrYFX2HbVqC
Fayette,fcaddickfa@nationalgeographic.com,$2a$04$84Ofk.yY6ofoIn6X9MyQKu6q76gYm3uPqIiydG4CD37.PdZMy4bn2
Keir,kmattheissenfb@mysql.com,$2a$04$Xfse3m8mNACGv5RKAI9W5efQ2cRQQqonNLDk1TplacaA1lxmUg00W
Bar,bdimondfc@bloglines.com,$2a$04$/ADd8McuQdJUBEvqTUED7ufM1dw8DLcwnqWcZxwmwvQj1P3WAfxMy
Noam,ndanielczykfd@purevolume.com,$2a$04$rEX7JIg7eRXl6FVIESHg5uR9gSlV052fFoyowFJkNGZSQUQN/z8.2
Patricio,pelsmorfe@bing.com,$2a$04$wNi.VkqcDXSBPqlm1WkSeujKGU3yXct85qrJp1tp9Z0mwB8m6ziqK
Dyna,dtallantff@pinterest.com,$2a$04$t6zF/MNSbA3AqOqTEStlEOzYpQ9ny6pFvGETAvKuFqP5Mseu9rBCi
Ardelia,acornfieldfg@ask.com,$2a$04$jx9JMbra0ZEwvjwIg.zHaO2SXVaPtSvXbP4zY8R5X52BlbxEwV1tS
Claiborn,cfaulksfh@furl.net,$2a$04$ZZHCOfgLyAwZ9lAyLQj6Se9QsuRyvF3s7wy2fTbzmBayTjHeG09Z6
Perry,pcastiblancofi@opensource.org,$2a$04$yTdUjvxYvbpwgWu6ISJDN.voNujrjqf0J9ZPqNNyKQcYBeLgz8hrG
Olly,otathacottfj@jalbum.net,$2a$04$4d8bFPN.Fcvmj9u.lM.gQOLDbFIwbIAXz/u9TZ4zRzi2rlUtsR.vC
Jaimie,jofearguisefk@gmpg.org,$2a$04$n8xcx1gLFN0QVs9JbIuvuuwqEdYaxhksRkJ4TiZrmOycP1cxsyFbO
Matty,morltonfl@oakley.com,$2a$04$UjwQwpWCeTcSLUcxRHK1gupKh18mJoWSKaTCagpBA2Pimv24KZlAi
Sinclair,sautriefm@miibeian.gov.cn,$2a$04$tB1ZNNuTfFftDq.cxEonze9TSXe2O5Y.bWBqdO47x6BOxuzCJZDxO
Devan,dtrevascusfn@studiopress.com,$2a$04$mmrkz7sdv4KXi237cYRpUOjKk3mI5uSjFbH7MaUJuJzAVcLqv64Ue
Christian,crambautfo@weibo.com,$2a$04$JxSYr0KpO6wWxrXrgxEH0.D4s8J7UOuGoLkV5Rzozt61oCY0VwJL2
Pansie,pbrazenerfp@ox.ac.uk,$2a$04$B9lpivtzmyHdAcsdJElnc.FEgYc6hvRYkoUXiR7.ayGvZwQCOfnKK
Bobbye,bavenfq@macromedia.com,$2a$04$iIgmVsDvIu5XdtBKSSr5mOZ4LV1uSzuk1jhwRLmeo9J8BuMZ7JY8G
Elvina,edivefr@reverbnation.com,$2a$04$XGMEtDNzVApIQ3OeajLv5.wf3duK2G9NbjkhrbQgDcCqmlxx0TkE2
Janina,jdickenfs@ebay.co.uk,$2a$04$7adgNMqLyOlF9u5Tx6Z/6un320WReeF7XglOLmuEfSLfCtj/aj/BS
Arlene,amaloneft@unicef.org,$2a$04$iVvmPrskXzkcZ4MVyzHk9O6EJrOlgQ15MMiFdl.s4N7kG6JEdyFtG
Staffard,sgandertonfu@nasa.gov,$2a$04$bUC3Y7e8dLHdSXxSPsYM/ON5Dd9zs00bqz6jaFQHT98PWzX9ETRDW
Karlotte,kreesefv@shinystat.com,$2a$04$K.ZJFXxVkFy6s0.3GATP.e2gMxMQJQPWts3cjrK6NgH85VOAxJ8Uu
Danit,dhaxleyfw@hhs.gov,$2a$04$Ngb3jpl4JsFA/aPVHJK4BeB8jWy5XlUE9fg9lH5mQPu1CcBH6WwBm
Millie,mespinheirafx@soup.io,$2a$04$PzV78Aw4ltpOiBNI8OqAiOLp1yumiPXqkWBIFaojzI8EW0fypQ4fK
Gaby,glindeboomfy@mlb.com,$2a$04$6zSn1GxDbBYKfuhT96kN.u0f0WcucXtm.G5LveN52SukOMloMkySq
Etti,ephinnessyfz@vistaprint.com,$2a$04$.NGWn6na0vFumVJVEWmCkuIMeEZj9YXrApw9w2rNiwtqToPLv.uZC
Lanny,lcoultarg0@senate.gov,$2a$04$JNfmcdIms5PJfbwcIMtTLee7RSmxdAWHBMbR5SGFfiUz3u0JaJP2e
Vin,vbroughg1@drupal.org,$2a$04$xHlxg9YGbbABXVbJiBrEk.RMQ3jvZ9FROrNay5lQN5TfWKQxkw9bC
Adolphe,aboyfieldg2@spiegel.de,$2a$04$n6Ns6Tt4NZTMhnOvhtDIYeV7wHIbydcfhVkFi3Hy7Iluc5ON0Z09u
Antin,aferronetg3@oaic.gov.au,$2a$04$csT69CkFo/KI3aSNrEf4w.kLWo9LADeIRnFSDdXfc686/utUU0VUK
Nestor,nryallg4@marriott.com,$2a$04$RXxZdAzJbs4evaUf41s6HOOXCbZ15iorPNbVYWUkdDvLME0ZbGQJS
Stanfield,ssullerg5@ifeng.com,$2a$04$Eg/rbj6NGdlE0cDpGF4rEenLh1mK/naoOtde2we4E1CPJgS/fgtOu
Antone,apotking6@deliciousdays.com,$2a$04$X3zxuKvd2F.GYc1HaoHVoui.TIDguOqD5g5/cEj7ailjtBKJQ6P8S
Alvira,amathieg7@amazon.co.uk,$2a$04$ujNRAmWjWKLaZB6FZWXAGuGl.aSGhVkBo1tsn7zoA1LT5CdPtLymW
Keith,kjirickg8@free.fr,$2a$04$10lSfLes5t.wfayq.UgkWO.bimYNK1Q1WLAw0IvMJPNJvGU0l.XSS
Nessa,ndecroixg9@comcast.net,$2a$04$5O5/0CrdcGilbbSgfaDfV.KdCY46OT7LqnIf5ekUyIDQSi5Ptp4oO
Daffie,dhandga@miitbeian.gov.cn,$2a$04$o2B24u/l9FuUuCAnA/2D.OQKFPcnYNEn9OFbMS4e3x0diHsiGRyom
Thatcher,tdemeridagb@tripod.com,$2a$04$XkwEOKRRyei5Qx.rmz94aOL6NViLPew1GtupFOS4rhUoS/ihJc16K
Regen,rhalladeygc@latimes.com,$2a$04$ZNMFjFMgp27vhf21Y4by4eO.aBP8mNNYii/jvyiiZsbWVAL5rKxsO
Freemon,fgrayshangd@theglobeandmail.com,$2a$04$4XZsup8udy.WWY9Ae7fs6OqNpy/ikbXA56WZQv4FA3XJwBBrrptUC
Flinn,flewsyge@clickbank.net,$2a$04$HU5Y3xHCBp.w9tTmrZxPRuCYVttoxfGZ463sQcfwxaGPY89uMlYl.
Sayres,swakelamgf@comcast.net,$2a$04$ncnh3OxFLQfRHuQuIFnx2uy03ok85QWkYkbC/.a5bO009Hxry53Nq
Justino,jcloutegg@nba.com,$2a$04$HoY8tIDN0B9mV4r8afgXTenlchz/qcHuruwLU0U74mi5siHh38oVm
Katherine,kjellardgh@free.fr,$2a$04$i5UQNzJLGpZyeqXmVyF.BegbCMfQZzO7mVmO9amqNaobGsasIhdyO
Rebekah,rgiorgettigi@java.com,$2a$04$qtkU9qPOFFxUOAn.rsArR.5QWRc7kIA7fUhflvsiqfJTU/wZhLDGC
Skyler,sstreetgj@arizona.edu,$2a$04$BUs824ToHFntsbZeVamuxOjUWTXgao4ebRNafnNz9EILh7SS13jJ.
Cly,ccadogangk@rediff.com,$2a$04$d6Yfj6qGzUB58BiM.W5xSexzx9x4amV66y2IlrzvgZZ7B6pmGpKL6
Dolph,devergl@pagesperso-orange.fr,$2a$04$PExCieoVcZrzpcE5AQ9Ed.pk.IZRZ5GIAKSCj486X9dDNEXGOx.He
Dmitri,dbrobyngm@constantcontact.com,$2a$04$B.Il7kGaJZh7HkalKpMCMuNw0eCyrN6qdHkub0/wPNju9hvN4dhuS
Isidro,icathrallgn@npr.org,$2a$04$qeLrH9Nicx8uiYiFtIIQZOpMux7SCNCbIp3/WzlVIxEpBX267SUDW
Krispin,kvossgengo@eepurl.com,$2a$04$lEgqgJNUJOewvJ4GiwwIVO0b1bWmSDwJ1oe5LO3r9NhIVceu11XOy
Neron,nhookegp@berkeley.edu,$2a$04$I1qOO0FuztNtrCWB8iDL.OLOoxoLz82Ymn7t.tu.qNsZcOIBUrbi.
Almira,aoddboygq@bing.com,$2a$04$jqFAU1IzA4hDSxiOTNKwT.j7olb2Loivv28eRTWxzs4zc1b5kkupa
Kip,knorthleighgr@tripod.com,$2a$04$VZWx.no5n9/lbccHOmWk2.R835S8/qHVflzRtxeDNqY5SzJ0Nog9m
Prudence,pscogginsgs@fc2.com,$2a$04$8IO2Gdo2DvQ52qxJMbeDKuQ.3F8SzqBExhtaKQjiR8OrE92cW0z6a
Barrie,bgilliesgt@hud.gov,$2a$04$yfGzyOXaYXtRfi5SpUIlC./D0cAsMBKKcCYFm0pTFEn6XEOV3KcCK
Afton,amarogu@a8.net,$2a$04$9UjjW6RDahaFVmOToVkcweHrEryiZr1D6f84/URoCUm7fzxcyebQO
Veradis,vheskeygv@army.mil,$2a$04$2FdBSBiphk48VfBBockB7.GFWPQwgY/2BXE52P4eRqg0e6ulbv9XW
Paul,pdamsellgw@cbslocal.com,$2a$04$73ASWBbPPgRnOc.o.XHSr.9GGuK.eWl2c68VigU6EB.bYnjbeCXWm
Aleta,ahardypiggingx@barnesandnoble.com,$2a$04$HHtjjGWfmKIVrwxJchcuneSM1Fw4exgq/GdXsUT2KtbGJqQW7rgji
Antonio,amcisaacgy@reverbnation.com,$2a$04$xtVN6XXIxwo31tUU8Q1tY.Fzn41y2Zo2O9YOTzxOajSf9tzvNwxe6
Breena,bvennygz@themeforest.net,$2a$04$ScyRob7m5wk0RyeQclDJxOdHUUzcSdBXIHJryBkCPPKxwa9JnelOC
Haywood,hchungh0@gnu.org,$2a$04$S2CRfXDi15uoRPMC4BkQD.V/168p10r5eZouEOKZ96Ch8w/sgdMOW
Nerissa,ngreedyerh1@jigsy.com,$2a$04$/dHK6DqxGgc1AnwpAIgyy.yhEfaN/wRzKfBSlPY.fbdkGNl6XmKqm
Wallas,wvigneronh2@qq.com,$2a$04$cqEvxAZyJUaPXDusS6qjI./rv6XlgPfPCAP.5gvcLmPE7Njzs6n5C
Dick,dilyukhovh3@disqus.com,$2a$04$N3aqZpCLM3UfOxHrbvunK.IOp9gtrw3ZmIOCYdwvjHf5qt4/vIwLu
Violetta,vpygotth4@ycombinator.com,$2a$04$QaLwcMLJYJnOmIpb5wI0C./LzBa2htnbeV9dbVgw9JwclnX4t4XIe
Terra,tbaudinellih5@nytimes.com,$2a$04$dIYaI1v2lVjsYcQZQcRS3.OVi4PefHMeJiqFUE5d7JCWompHZYf/2
Blinnie,beteenh6@google.pl,$2a$04$SlvQwv9X1LpyLeoLpfHOZu8wU.L4s6e76ay/ixcosBRLqqYZYhyBa
Kayley,ksounessh7@reuters.com,$2a$04$.Q4lVreWo4UZBMphM7sqBetBM8clNM9ndSBThA/JLrFHPRZxjlqoq
Janaye,jmcmylerh8@craigslist.org,$2a$04$ghVWKiH831.oMJ0H.8M75.4aP8488yPS1nXyH8g47Hr2l.suYvRXy
Didi,dknipeh9@ycombinator.com,$2a$04$1J5ziYAXjpr77ZeKEOIWtOQGzilLWkVnaly317ThQn5ia/Rf0EVKm
Damita,djannaschha@bloglovin.com,$2a$04$dwq2s2wd02lqkePlidasn.4ECVnU6tnPI4W4544E6pO2VevfXvuhu
Jon,jriemehb@unesco.org,$2a$04$d7c4gQaS9C9V0AWEyaSWT.qPOPpvNRs0QsIZr/pFrhdNOGPVm7jAa
Antonie,abenyonhc@gov.uk,$2a$04$0772RWSxKT.tmvUQXBmEYuzz/kfgv3dzxPaS1AgIbPkuLa2lesFsC
Iolanthe,ikaynehd@deliciousdays.com,$2a$04$jCDifMp/zO2iGtydiFj0H.f324rR4WynJXZvBz430x0hfM6QjKCcm
Ned,ncofaxhe@reference.com,$2a$04$/NJR9vouikuADeK0nQ3DQOMrfExgmAHuiTJAzy3S15QSEeolnef62
Fredek,fchooterhf@chronoengine.com,$2a$04$YpvSYsjZfsCC7s3tZNMcfe.2ikrSzYftqQywrrcGaeo8IDcXDEq/i
Gavra,gdermothg@facebook.com,$2a$04$3MkRTdwXhgptBmdMBK4H/uO1su3xM4fuMhl/S8eUYGpn9.91d1ONe
Hyacinth,hcrummayhh@webmd.com,$2a$04$XGeUN4f2wM5StdPXMpkJRurMrQCaP85bysv44cF2DAlY72addkWfy
Magdaia,mbattyhi@phpbb.com,$2a$04$eO.PU2iB5bWDksO0xex6puWw.Jti.fOxDamxN/CkByhiASHMCkLdC
Giulietta,gdalwishj@ameblo.jp,$2a$04$hup3e93yEvPWdWcI9XxCTeddlviubmby7qbfjE9NDruqrErulZiK6
Horace,hhansenhk@technorati.com,$2a$04$PMyGiE/kCUjHWfUCoUmbD.jsjdmbOZpD1Qv24ol8XPft7.loQILoy
Dina,dsparkeshl@paginegialle.it,$2a$04$6vzsOtBXU.tLVuLc.4xykuGbX7ldfm3S7nDDFfFyeT/ob/CuHRAra
Jourdan,jballendinehm@home.pl,$2a$04$QJyUE3wY/bNhCtpajJGANugplrUNZYibEL109RJp62ZWHTdsfNzcW
Meagan,mbassickhn@ezinearticles.com,$2a$04$c2VwmK9jbfDiYk5kLiwyae2JNyVKBIDFmMooK0RdaoibjV2xi5SXm
Etienne,esleanyho@wikipedia.org,$2a$04$hbFy0g1becJRoNHycxBCKeBNyX5mR40oG7OoS2ova8etPSj1U1OuO
Betsey,btedorenkohp@ning.com,$2a$04$i..UtQ4UiIbK3gjLwqGGpOSnGJCeOpOi9hVuyzEOhKeWxcf9aaj2O
Vernen,vborthhq@nhs.uk,$2a$04$./2gxDGIwzVRd98GRI3W7edry.02/kNqvxB/p.ycWAcKEZ3YcZv66
Kerrill,kheidenhr@psu.edu,$2a$04$L.33G5tWU2EuWWJKOvItkuWAm/NjypsUV2jJYK2Xc7FkGeKAQB7DS
Wilden,wrablenhs@delicious.com,$2a$04$vWEMwL1SG9alVGil3WPxoe.j6CLwHwVEyUtexKAmGjJDUbPfp6pMi
Mickie,mreddieht@noaa.gov,$2a$04$VVJoxW3poosbLa1koafm.ebSBes1F2/cJeCu/70nlmSZVFeWMPYYW
Crystie,crappshu@samsung.com,$2a$04$4WdQC4eUbQfUQYAXZb37DuyU.5AFZM3RkiDoWrN/ddnakGjLlFhLi
Berk,bkoleshv@shareasale.com,$2a$04$YZkDKzUx1LgdY/Ak5Z8GUeakTvhf.Ameu6UdSS4KDGUbyI8cHnEY6
Shelli,sclemensenhw@360.cn,$2a$04$99Iw9GMpogk3Fo5KnHV4o.IFJMKYxqgrMha6SroUEfIk8qxrR3F..
Myranda,mstevenshx@issuu.com,$2a$04$ph5.1dg.XJL35YpyeH8shOR2ni3e/0dfzh/tZOHmHRssmcWjuV9oi
Happy,hwhyliehy@behance.net,$2a$04$VDQAQlM9W9rYwG.zFbRyGOP4JQThC/KugFAFk532Mzh7OIHozyqLi
Corrine,cbickerstassehz@xing.com,$2a$04$8SbXw1oFfBOYKmieKaPYbOphVHTql6c2lpXcEfLaJLjVBraAi9ty2
Jeth,jmckimmeyi0@ask.com,$2a$04$OqYgs.wOFvVmD65KXnbyhOnzV9fiZQUzW3HQ4zgnsuE1a6G8USZm.
Riobard,rburchetti1@mayoclinic.com,$2a$04$FqB8MpOkolo2NznUvvsnbe1QYS8YqaCTed.jQve1ItiywAtDZUwX.
Fair,fmapstonei2@auda.org.au,$2a$04$PlwxAzngrfL6Ew7NJySeQ.p3WE/Q6Ud3s5PnL95gxMjTGKenHzmYG
Rae,rrocksi3@deliciousdays.com,$2a$04$.y/A3B1O3rsVpF33KtnxSeu67tZJwRB2ufWp7MGmMi7h2ftivtlW2
Hebert,hwinterbournei4@dagondesign.com,$2a$04$hck2dmiXM4fsrR2dRzEA7e5IHXbp00T1Db9Hbsh3OUO/6bftmc85m
Valida,vdjurkovici5@myspace.com,$2a$04$HbZGOqNZty1WgCUztAaL7O.LvkgFc8LifjKfIFoCaI1eHJm8G6V7y
Skippy,santici6@amazon.co.uk,$2a$04$zZFUR721817u2cLi253Il.beAnSQE.9lVVchs3ytER.ojK7nkaTbS
Kathlin,ksprowelli7@illinois.edu,$2a$04$NR.wLqOuyWcuLHDqJCFLNuvYbMkstdSU0KQvTjPPd1Bven.zNKFZW
Billye,bdilkesi8@amazon.co.uk,$2a$04$A5OLIkImTJXZzCIWy0a0WewczCEd1s4OwiSzosmafNXIKnH5ra2p6
Shaun,speadeni9@prlog.org,$2a$04$pnICzRQjHB6tW/v.14QFbeq.Eg5FbhSOQWPMzeUjAFq2Zbc2pECXa
Beaufort,bwoollendsia@barnesandnoble.com,$2a$04$fb4zjiS4YkTSswOnydmyHe1Cx8jbz2R/PS6/BkSZEZjNwdZsioKHS
Brien,bbendareib@businesswire.com,$2a$04$hivkWLBOkE6/EyTDWnL0AOvW/TUPBmXVgoGjFaHs5syefgk77J67a
Elsi,ejakoubekic@123-reg.co.uk,$2a$04$c8VvRn3qrSNkQfF1GmVXOupYqmYCwNvtR1y.N1xQhGtAYgH/ftUeq
Karoline,kackwoodid@patch.com,$2a$04$om.BcIT3.NZAnL5QrqYuWOYUpQNQO1.5BX6jYwS73j7aHSBUbMe7S
Tanhya,tjothamie@java.com,$2a$04$BmQPe2ehQXm4WJoBZvquzuifY7rto9mwFrEXCUCjj9Ui9iDfh2JPq
Borden,bbaglanif@google.co.jp,$2a$04$Q2eiSkkjecyc7hHjB8.e0eLr6Rfs8fX/EOJA9PDwb7QZje4KGRIEK
Gale,gregisig@amazon.de,$2a$04$x3BIDbM8VdOaURP6xGqAw.lvYP5qmiVLTXL2.gUUY7pk3QnTUNPYq
Merci,msawneyih@bloglovin.com,$2a$04$qTVJd9EqyFCy3YCHi7YkB.ebtab1/PWggMQeAPjXxiMNbfw3uemGa
Elissa,ebeldomii@answers.com,$2a$04$qNdAModnx0UfgLKIXCKzS.rt5rAhWld3jmYuCdJx1VWUDXKUqKF5a
Margi,mgotobedij@salon.com,$2a$04$uf6WSkPoO2Jh9mU8hCJHLe4T157LithympjHusAxXLZINdQWMFjTC
Nike,nburdettik@ocn.ne.jp,$2a$04$wwgesQUUI3Y8x1RGbmYaauZbwPkyIwt6J76xrPCMXgl32ofR.OA4a
Lanita,ldennickil@walmart.com,$2a$04$VK4mhlN0TAsajFFHuz2yTeZHaDKzHXHKAJtvhU3PcBBTrDKFOJW8i
Caryl,cscarbarrowim@delicious.com,$2a$04$XLbEJaMugLeXKB5DMY7vGue2Co4n.KLs4a5y2rqAJntFzuLllwjc6
Chandal,cambrogioliin@army.mil,$2a$04$61zOi6owkdBkyK10U1CfCuLudXClhetdvCdoi4M1IkBLEdiQ7H9lW
Andie,amarkeyio@cnn.com,$2a$04$5l1CQZsK9iPpP7QCZ7egJu8O5SGDebYL.J.64plO4r7kWWpxqctDe
Rand,rfergusonip@homestead.com,$2a$04$y.5dicnQXZhUBX9fVPT5de5gUm2yMF/QafgYqqDRggXwXQIv4Sv2W
Cherri,cungeriq@epa.gov,$2a$04$siE0wojZCNYtiAxg3cseXO7nqJJQcybn0C6gJKZFP378dPtVRaaA6
Misti,mwalshir@foxnews.com,$2a$04$mjS2nxt/3fdqNs/60DiDyOcMM5KtTkegD0QsVV/97y5H1SajlL/gq
Martino,mlehenmannis@aboutads.info,$2a$04$M39I1K25E.shjFqUlXIt4ufzwnDXU2UjXmu9jdm58/EUqXW0KFWqW
Margarette,mtokeit@webs.com,$2a$04$AsX6hhjSM8pyPZydNeNfHuSUpWI.zFYdS7Md7Ea6QwIOvHQf7xD1i
Sheila-kathryn,sgrainiu@ucsd.edu,$2a$04$.k5Z.w5Hw8LOj2.OiCls5OKMQq89pEgVbFiDuxSHcjp7kJTKUbJCq
Aggi,abrahmsiv@accuweather.com,$2a$04$tXV97PkMl6CxQ86wZN72a.5EVCh75LuQXwj87K.rPmOlGV50c4dcq
Theodora,tloinesiw@parallels.com,$2a$04$.zzgcSNMx0WsVDzO1nr0t.ARPxIQXnLefmBimnCcTszOZMWIjaVC2
Stafford,ssidnellix@howstuffworks.com,$2a$04$OXa842244fedPo3LYwvUFuszm38t6MJvXovMEx/rqTDSj3KPOajhi
Ase,amitkiniy@economist.com,$2a$04$FAxdrF7RlB0yipn6/AKjg.Wl6A3ocHyTBgXmqAFcdLR7KykTh5RQO
Bevan,bgherardiniiz@independent.co.uk,$2a$04$npkE9p.iSW.6UJD5FY6x6e7deulJjC.YJ9huTa/Oyi5emjb66wbpC
Diarmid,dteazj0@businessinsider.com,$2a$04$Dzl4/Z90L/fiSMZ0mc4ThupWnW2Ld7iZMTxzspI8pxaQANsObubEa
Giles,ggillhespyj1@51.la,$2a$04$AC4KJS4U50G08wFEZUBTi.4eUHT2m26qsKtPUQV2aRBdNwi9yxznq
Yvor,ywaggettj2@harvard.edu,$2a$04$aM7x3KF2uXY52NN9uysSweAdKQfnZ20vVrYPnzBW6JKHM6eA6J6Py
Meg,mpartletonj3@eventbrite.com,$2a$04$ZmEfzax.f7BJ5rIEa0kTO.RjbrAublq9mGWRmIuRhykh8jeWEtmtS
Leland,ldalliganj4@nbcnews.com,$2a$04$TPHMq0tzY7t0uU1Cx/bN9e0hOoUEO9qg8iTdUI/w9wA.9jT22chWe
Augusta,akomorowskij5@xinhuanet.com,$2a$04$Ueo6UQpLs6i65IgCTUfI1.EK3pOEQR94WzlQiUCvoiITbi7EIanOq
Hew,hgraylingj6@blinklist.com,$2a$04$/3iU7C8Q5FLGCrtOx3XKkObHpA.4AcBtW3E.HO54X25L6S9q6bN4i
Sallie,sgittensj7@yellowpages.com,$2a$04$ATy3vpu2YZ6ilrvqKyVh.u8t62RepViRSSbOL/IE.NPKcmXvKymJC
Allard,asibbaldj8@addthis.com,$2a$04$T7Ljr8dW0RkU16LqDzLU7.Ld1epoF9ve1lEvJHcNb6h19zdHKHOKi
Emmaline,epenbarthyj9@dyndns.org,$2a$04$/sVismuRREBrF9CXNyAFNuev4DjHzuhrWJIt0vaLML1eQaNd0x2hK
Leon,lbrownseaja@auda.org.au,$2a$04$LLYRr/ixcUIC2ZKATpUkpO9k7oEz4TUBqSe2AJQfrCKkm2DLWlk0m
Shirlene,soatenjb@chicagotribune.com,$2a$04$D64E5m3Xo7MxxYgFfUunGuhTyfXTwmutsUI2ZwNj0W0uLGvOT90Qi
Dix,dhammerstonejc@furl.net,$2a$04$lpRUgS.5vIGz6n6Ysw6mMuyJrEhjGMjTaLoh180PBd0T5EG5JOgMS
Robbyn,rcalleyjd@google.de,$2a$04$kPPqUPPZkeLYFnM9cfv3tu91M4knbKCQ3eh47F.W4mURlJrgHl.sC
Emile,ecowperthwaiteje@dailymotion.com,$2a$04$.Nj5N5Qqn9en/u3u3IhE3OlvlI/lRayzdx7cJjork3N13RpjTsV0G
Cletus,cdillingerjf@imdb.com,$2a$04$HxBTH2jKIWaJPxJwWq/ri.AIIVMw.t7.n5bVjda9ZOpT2Z/RMs.4u
Edita,ehardcastlejg@hp.com,$2a$04$jXz2m5kgNVNddN7wlT.bpu3HaghluDc4Z3BYCIIkUaXMeKFkH7JHu
Issiah,icrootejh@oakley.com,$2a$04$g9Xn.BpY0XCrFxN59l8Snu0y75cYuzlq2rY0X7ghGJWrMxELtZuG6
Zulema,zideji@globo.com,$2a$04$dUAfPuns4HqrEVcPWre4SO8xjIhqTw5NxljLIYeUJQcFZrKZ3pZ4C
Aubrey,atommaseojj@e-recht24.de,$2a$04$/mlkzG4224lcN6w9DEN3i.2INn09VhwspKdD.UWjjTeurhhC1cdTu
Olia,ocarderjk@gnu.org,$2a$04$E2OM6/oyTCyOLoQpXbhBIOLiML/pKJisneHoRVq7uXQMQuo7jVUMG
Brok,bmarstersjl@earthlink.net,$2a$04$ELMwgJnm4bjJrJ.Mu7ptKu/h3QyXPOwop4zhcwIgdPbKFD5.sBzTa
Pete,pcostalljm@senate.gov,$2a$04$lW4CoF4i8DJj50YTjUPxzOkQ6HeC5W10OP2pfYx81cp10norrwRbG
Alfred,ahemeretjn@cnn.com,$2a$04$23NNnJbQfAeHnNdPlDeJTOtcw6R/DDzM0clgWOATyhLD9x9wvQg.C
Fidelity,fslymejo@nasa.gov,$2a$04$puHcsvHjaNs1gRBKfBQ3m.bTT6AyCwqkHuBj5GHnQ3u1dpyjW7gnK
Naomi,nsimionijp@biblegateway.com,$2a$04$FuH9dwS15/.pobz2.TzHp.0S1ZmfPNR7OWBnLR3fMt70LZIVN0O2i
Yoshiko,ylelliottjq@geocities.jp,$2a$04$c1Kdshx48dY2FI176h8qTOKkikfpAMr6S2qsMpWEz9l.l0C6L2uNq
Paquito,phorwelljr@jigsy.com,$2a$04$0alPEmelV/1sI4tY8WgqKupfFeJkGiigsRZiQLmwHGuXxkZTvwGky
Averell,arastalljs@ycombinator.com,$2a$04$P8s2Shse4maf7QEm1OpiAenQP.zbNVirErKMCwCcPf/6dN8DYW6V.
Clerc,cantonettijt@surveymonkey.com,$2a$04$MP5kmVyhjlL/njDkT.iyW.mlgK61zFx2Ig6QZSZRXVzWko8cR1PCK
Pamella,pjobbingsju@nsw.gov.au,$2a$04$npKUBBCIr6KrTRgyMB2mJOKkhyJMXpChtrtCqfof6eML2nqEax4aC
Saleem,salldrittjv@amazon.co.uk,$2a$04$csC3bKxNeu0J44F34N1E9eDyAS1CB0VWLNZTRoGks7C.CRSHU7QJC
Mervin,mvittetjw@businessweek.com,$2a$04$E.fvequUpvJrCSV8QVAwje5F8FyWj.N.EGr0BTIkkDLRf9MRBAzRK
Krispin,kdevoielsjx@nature.com,$2a$04$oXS5upXkK5.AZ7sEk2ZLDe24YeSNh2DSpaev6YeHnfESKUyxbRbPO
Augustine,aleurenjy@sbwire.com,$2a$04$ecqYkqEeB3Qkaxuc5vJbyOZddmujsTppujXsA/R5GKXLjY7YkNT3C
Carmita,cleecejz@prweb.com,$2a$04$n56358I6A0jdbGc3.O.Sq.8t/e.nmMWCiXR7HuUzYCGdtfAOHowpq
Arlinda,afigurek0@behance.net,$2a$04$0vjkAay6jEZNyoKHpFbmG.2twkgLnyU2gVSeyIZiuycKMbotFfAbi
Natasha,nchazettek1@bloomberg.com,$2a$04$v8M0QKakeQvGFdvR69jJAOGq2nVaiL6NopUlvvEmM85A2c3De4w6e
Carmencita,candragk2@tinyurl.com,$2a$04$5k3k573/N0txOv4pW9Vaf.n614nYVBP0eBx6lDnstrs0sGW7mEPFG
Bernelle,breddiek3@shutterfly.com,$2a$04$tNq41B50CqUdJUi28yU6r.SPFBeLFSCauOjD4kIeDNfNzyKw1n7CO
Bertrand,bmcgoochk4@comsenz.com,$2a$04$FTKvmV5nS87lzcjmCjzJWOHkyC/3XFltHU4ZLlo8V/oe.10YEA6Ze
Bartolemo,bwisek5@pagesperso-orange.fr,$2a$04$8uDG8KGFMoeJvSvyAyAgx.QBKg2ULba0fm0qTXIwMaCGI3ITmKsUq
Aubert,acurreenk6@domainmarket.com,$2a$04$pxn.og4JkNL9MpGn3w/ZIunFIayMG4PEmd2FuuZEHE/6acdTXOkLq
Faulkner,fwapplesk7@merriam-webster.com,$2a$04$UrihMyZNN0/xkmr4e6ARr.v.c6e3.wzpBoXLOIhY/Cdkhz70o3bVC
Kurt,kstitlek8@shareasale.com,$2a$04$r8Eb0pH8.uvLrrzN.g7ePuZzY9MpuaiRL9kz7BY6IqHK0XrQ3lZFS
Gael,gblackerk9@ihg.com,$2a$04$s6N1lAvGojb4OBE4GLSPXuBxSUFlpYS4gTaNYdaEvv.WunH0Ou6aC
Merci,mskerrattka@4shared.com,$2a$04$Md59pbHyD72cYxXH3/zLtOUrvZc4.wPMwyDTlMPkDvVeMKw9yW0hG
Orsola,oleathartkb@apache.org,$2a$04$wBoMdr7Ool5.nXLJkbV8Ee3m.8spQKNoY/C.a72haeu5uA4Xd8aZa
Dorelle,dvedeniktovkc@ucsd.edu,$2a$04$v.VETGsYO72RomNO6tc8lO9CF6eSxovUOk.qAN5AyVrE9LvwhqNMS
Judd,jderechterkd@nifty.com,$2a$04$NKy.RchZRUtmIMgGgweoZO5AmcLBRkyyDNnLQTW8Fk6sWl/S6RC8q
Stephi,smelwallke@t-online.de,$2a$04$yIotMYqWIoer6h9Zw52c0OniVpcUzBOBcAz1Av3tzzhvbf4YWd2Wm
Ernaline,eczaplekf@rediff.com,$2a$04$xQpHLsE8Fo4CFk4TFtnMgu9I9HYjYj7DsvziyL7Oma70PK/.OV8dm
Faydra,fkitcatkg@unblog.fr,$2a$04$aFJzPCOhFi9Clw3RoB0CB.3TfkspBd1NxJFqdOQps63yA0825PW.m
Lalo,lbaxkh@github.com,$2a$04$ZqQrHXZ1tEusAlSj7rIAsODPExGgHwCgBF3xVxrOO/BzrHXPTVXPC
Jorry,jibleki@google.com.br,$2a$04$chH9IFmMXtjdVMc81Xcxj.T09TNrNhokqeghONJDwCVPBlkdk1u0a
Cross,cdebruijnekj@shop-pro.jp,$2a$04$cB2VoIe/XVNB/h/GUsuos.HcuT0P1NVKLBvkvgV2AOHE25RpMeE/6
Keri,kjamesonkk@ucsd.edu,$2a$04$TNq5IDpMFZYNh.2oXFYAjOyqujD/BW2zP/ceGrXW/vq2HdX.EDQ5q
Hubert,hhallahankl@aol.com,$2a$04$iUGdTGSfAT3zxH9vyUnfeOJnATIjlXWseJL2jaqwvEsQf4Dr4YJgm
Emery,epanyerkm@people.com.cn,$2a$04$GJDm3wUCHO9RZ.rVA0aI3.heL4nGYBfzHi5nAkFurJ/v9C3ys6z1m
Tiffany,tlethleykn@live.com,$2a$04$iWZ8lMaR5VXaCosr6N6.ueY8IIrQ02Mu1tr5Px568GyPWPLzPpqoe
Star,shurtko@japanpost.jp,$2a$04$/r8AoAN45ru.nkTuZW0mV.2y18n6h.J/tu5ozoxa1U2vA.vE8Gvgy
Hayden,hstansellkp@dailymail.co.uk,$2a$04$dEUQq.Ae0MXu24Hw8rrQPOwX91TEdcJZlbb0BlRtm55iFIwTioL8m
Petr,pkemmkq@va.gov,$2a$04$0Ah73GLfgmNiRoDjViR/o.G4DmyKA0zcqXbU8.ppASNcN3Mmhg5w6
Fonsie,fkeunemannkr@linkedin.com,$2a$04$mh34gE3mwU9A3d1asqv5fuNOUBYWiAyVxSYxrX/3tZBuhSqou5dgi
Antonio,asurteesks@nature.com,$2a$04$y33YGPaXyRqEPwLYE.7L6OMWX3f.X3DPnDvvYQEJe3LhOBiM1Hm.q
Delphine,dstanwaykt@microsoft.com,$2a$04$U4EW5R4Ab36ODlnijqdLYeIVfwKSzvHUzCnMpKxJrw3K9Facqs0uW
Sibby,sbiddlestoneku@rambler.ru,$2a$04$lK2Titg1IbRcmi72/RkrrejKrF3Tby4RNBlNBrbMYYtpiInUxv//G
Galvan,gmattiazzokv@statcounter.com,$2a$04$zHyei4wmL4jjXGN7eGcE0eSzsSIR.IEFvbBm8yEzLPxI1cpUw/./i
Jillie,jlottekw@umich.edu,$2a$04$hmo2OHJum2WOz2fAcni5Ke6w65bwl7CbhbyucWQlxjFf3j9SlnWkK
Tine,tlefeverkx@un.org,$2a$04$4BoxVJgkdd8f0C.7dnjB7eHEH7zptHTk.z2UXX/OfTQTZKkoMMN5G
Maggy,mcussky@php.net,$2a$04$DHIDeZM2Pdp0CSvHrNyCju4CNhU2Kfco98NA31/x54U5gw/Zwu5Ue
Lonnie,lmalatalantkz@vistaprint.com,$2a$04$QzNBh4T8e2gmP6xWauCNaeBndyGqfRkmD4ki5Z..Qp1SmSOIxJYla
Dareen,dlavillel0@symantec.com,$2a$04$2A8khu4/LxEK/cvvf88IKOVV0IlHXIWM1RKQNHnqJQex3uek7FrDW
Laureen,lmossl1@sun.com,$2a$04$5z39uS9ieDWjmBeanZeFr.DvE9aguKXWtJ1x6JykLLG/41N4w8rpC
Scott,sstanelandl2@google.com.hk,$2a$04$4f3DH7XiXW0SJLGuQ7o98eHVCaL1af1Q99PoAln0Y6UDYAdm1U80m
Aguste,amoseyl3@army.mil,$2a$04$tayXb5PA68wKeaYD.0Kldur5m/oqaD93pVqk0pg1vvuLgoONLZMTS
Kingsley,kinglesantl4@reddit.com,$2a$04$S3KJjPNTq9gdUa8QCEZJeuN7bCULh4cSrqBRn1MrrESkuZ9vmw.VK
Dorri,dnarriel5@domainmarket.com,$2a$04$XLHulZNwa2fWWNnJZizvaeuHP9GjeDHMm.MyqX6UFl/jnGag//gq.
Dore,dgathercolel6@chicagotribune.com,$2a$04$9EQZVOVRCrjcPWUmMPZFDOu8k2c4kem10t9wOy68J/bFf/Hu/CJ6q
Natassia,njaniszewskil7@state.gov,$2a$04$hbS7XtshJrnLpFmPqJaGd.sOJYp7P.fxQYJfuHthVgxL1PDATj9fi
Jacynth,jrobetl8@digg.com,$2a$04$fBe5zAwfGYUBEBDD9GJXN.4ZKcwvvHTkZZi01J3.GhBmaYAW7IaSm
Grantley,gdregerl9@google.com.br,$2a$04$Nc29QCTZtNkt20ugsHJ9heEUVN2kLpo7gobc0BJA4zH9BXAIO8RuG
Callie,cmorenala@opera.com,$2a$04$go97zqELjZiQvL.yCckR8OV7ef4N1FPbG84P.X0MYdCxs1Kbq9woC
Clem,cknellerlb@yolasite.com,$2a$04$s9W09NyG//n2VLjCS5ijJuZxekCeF8O.FVzhUTmzwo6aJWvK8XgpO
Phyllys,ppocknelllc@cdc.gov,$2a$04$5azsycd2dIxzwqc1yJXJt.5Q6I2IC1YO3qmExVfyFnOUS/xwb14zu
Pen,pleckeyld@psu.edu,$2a$04$ZekMv3ddAqYP22i2iTs.yOIdpDpN4p1M/sXiFt0.Mrp/Pw3PbVYYS
Mike,martindalele@behance.net,$2a$04$QzYFqfpxliu/1CFE78HlweTA.xfoI3u3lwaln.47hCGgYY76X/qPi
Claretta,cheazellf@canalblog.com,$2a$04$WOrjO5jXRfFUkuzhfjhm9.YZ5pYC3xKEJVmd8/wLnI.0qH4kZ9pjO
Rich,rcorsslg@weebly.com,$2a$04$w8xMkUsjJx5tNTx4TRYILOqns3shwf3ZzmFLgTURSLRByrZDjDEWa
Salomone,sabramowitzlh@aol.com,$2a$04$Q5EGFyv/rX/94nBVeL9pye2/sBEJQ4QVi6IWA2nASUOcHa1bt7MpW
Ephrem,emcsarryli@kickstarter.com,$2a$04$J5b0XBaECxC6aMdICjA/w.GdWXHhbfrz5bX.9cNofF0maEN9FML9y
Rafaellle,rsmootelj@wikimedia.org,$2a$04$C42HHhVCyYh07nScCF3F4eHwLjvosPfkBvk7uS4ko0WlXMS9dpwny
Brett,bbassingdenlk@nhs.uk,$2a$04$qmumhheoDwYggaNOgQKiy.uo1uQZLDB5rQuoaVsnXM.ohn4eA5Jma
Tallulah,tcozzill@nytimes.com,$2a$04$0SRThnyz611WW32iicLiruPdVVpR8IcjUV/zyt.vjL4eHP1iZFnDC
Cheston,cgiacopettilm@hp.com,$2a$04$v23D2ZXUnYio7eLZ./n2leeiCvvQtL60ozTee.ye5g3OBCCTJUzu6
Viviana,vjorgln@amazon.co.uk,$2a$04$QSMiiP.E50ZoQFiImzDR5ukQdzdBYGNNTongC1HYY0BZxI.0Y6AUO
Eduino,eduligalllo@blogspot.com,$2a$04$.eH9E9hj8CkywOBenNHkseoiM8zoMJUXRYPRJQxEs8KauHkRr1AEK
Francois,fpandeylp@jugem.jp,$2a$04$x7hOPy36G3uwa1BiBZjsCeTe/ct5mN31LJfPNzhJCar3opn0jAn86
Brunhilda,bmoncrieffelq@imdb.com,$2a$04$jQJ/RfWt/uEvU1uuhG5GgudtrVuL6fclrqBIHgHJCIMLDUzJhoBae
Roby,rsafontlr@auda.org.au,$2a$04$hSxH1B409RVxfM2iy0KhiuSThUzIbV22mZS8k0cJRagjM.8d/jdG.
Tierney,tlinels@addtoany.com,$2a$04$QAuqE40CWRcd17T3ToDhEuukUgOAjidBF/Sa.PHms09KiBKjlJRuy
Carmina,ckelsonlt@japanpost.jp,$2a$04$5Y/55uwNYvnopqbbRucis.NFfDXCkwciS1O3GbXaSnUdOMMbh5pG6
Sigvard,slaughlanlu@photobucket.com,$2a$04$RynzeED11mZV5V3iP0ozX.GgDYn/U76QFj1LZ0iGTOfRUqJ591RiW
Debor,dminkerlv@usnews.com,$2a$04$pFwdReptAwBrJTOFZs.xBuX5hK9DN4pHuY3/XDnqJbSjVv.i6U/Oq
Stefanie,sfarronlw@amazon.co.uk,$2a$04$XNcn1/AEBFsiSanvbZEpVui13Hqg6wnlVFiuDyxqiTGt/HJ53eJ7m
Finn,foguslx@shutterfly.com,$2a$04$qFQ8x6S33hyKoWRXzfcls.voiM2ixMMe6wFbztn3ogQh1e2wjmUv2
Bogey,boliffely@washingtonpost.com,$2a$04$xcNE0H8VA7Ue8d0B.5ID1OpGGYMqNBbyDuIMsVJGWZYFkb/Qa2V9i
Mord,mbranscombelz@buzzfeed.com,$2a$04$LNSuW0ZWiB/07OhUuLDZWeBBxO.ETr7ACZwSp6xJTZ2NQmDjBrc2y
Nadine,nwillisonm0@edublogs.org,$2a$04$487wtIFt2q.L6NCN3OKg3eqxzjfDXAwi.mVNnvHBkCzuPYDJlGv5q
Priscilla,pnoellm1@theatlantic.com,$2a$04$397elAZLgrQBNsIfZLbWjOfTH3B5s6Yn5XmYjtrWwgVUeL8tc2PD2
Pavla,pmachansm2@hatena.ne.jp,$2a$04$cPi7T16OKwrySvqTqGWr6.Fc4PUqOFZD1agZHO2iYzqKzFl5CTbOq
Malissia,mruxtonm3@google.cn,$2a$04$pImC/bgLjAoj14AcacljKe9BAI/hQqXiIfLP3sYqZtmdILNFIhLWK
Anna-diana,amughalm4@virginia.edu,$2a$04$Alzr/ikjKhkwb3oz1O2QY.2rBAvEn/mt2VNS77LZfRtV37SSpBHTq
Lissy,lmclartym5@nifty.com,$2a$04$YCocwg1DHJWAu3W69/TkquHyzQxy3Cqbp90IvJ0Rm475MHVOqCg4m
Natividad,nfraserm6@go.com,$2a$04$4FY9BNtRii.gjLK4iTPg8Ov40gaqeAobjf2z9pwOKXDIvBCNctnWG
Gwendolin,gdufraym7@posterous.com,$2a$04$uAKe3yrSfHfbR5l.Nz4vy.oh59lDExx0/SkKFMoyuzOmef1cRSgmi
Lacey,lfidgeonm8@un.org,$2a$04$mObpL9Pwl.tPPYYr6ZMyDeKdRQ4XUbAw5qcE1x.PjUP3GPT8N.gda
Gris,gblodgettm9@elpais.com,$2a$04$LMYfE16w4xd0RXdQntLcguPo1JsYKaxUIJTvK1BL.sdisNx./ujq.
Harbert,hmaccallumma@tiny.cc,$2a$04$gjtP3zMfBz.fhYAkgiTVsuAEhK7.D5QuuWFnT7EKAuE5jwSdswMGS
Aguistin,awhitearmb@ocn.ne.jp,$2a$04$7q1R.OYoAntoAFIRJENvyu//lL5hUSTpUisj1a4wELhoqaD8Fu9xi
Worth,wmoggiemc@intel.com,$2a$04$7s1fxbkxD/Bb0qCXMeKYUePvfmyvd7pfyfWRyWAT6fSwU2PgHA4Cy
Honoria,hskeelesmd@creativecommons.org,$2a$04$d1RZgdAn82Zig2oJ17Ni/.mDgP1hOsB6LHT0ex9UT9itj0qX5i..O
Nadia,nsallanme@whitehouse.gov,$2a$04$Uirfb0BZuz2m3/ctYOWi8OyBxRo9JAYIP7kkEPxbkZMHW9i0/0F4W
Aldous,ashillanmf@alibaba.com,$2a$04$oZf3feonMHIa3XJZZscT0ueY0WRpK5yVal/brR545gzfv4rTUGVbC
Cullie,cfoxcroftmg@diigo.com,$2a$04$YDht7RK2toH6RhFcjtdqUeU9ra2oXYdOF2s5RrOgTgQx.Ra5xtK92
Halie,hmarcroftmh@google.com.br,$2a$04$omBLFotx41K.HQ3BuJ2enuLfNfgXfznh2vUISJYnxn85srm/1inR.
Cordell,ccoldhammi@netlog.com,$2a$04$3qkP0PfzTSPP19boGMUMre56raWmCA2R68UMhho0keWBKbIZU1bC6
Waylin,wjoinseymj@cdbaby.com,$2a$04$uc7GtNqRX1OJ0rIQERUr9uAIYeMC2MEXioO9PPdFd0H1Ghc9QKttO
Gilbert,gharyngtonmk@mlb.com,$2a$04$l8DejXvrvIL5lnFfNiYIpOisEUD8n2lw0caWQ4gJiqBrhKvTSqrCK
Munroe,mscuttml@usgs.gov,$2a$04$RWV5blHZ5JvceLuxP5q8hO10pOO6Ip6MuAn5QVjx/dhFYIA4NNCQy
Kakalina,kchalmersmm@craigslist.org,$2a$04$NEk5DPfUyg0hNzLfn78NA.gvuLEJkQylSq3tCZRSv7gOkOMYQMuDi
Gillan,gbrahanmn@buzzfeed.com,$2a$04$rlaZpL8c7f9b.kgFeTCf5eUbgiJhcO6byavpie09rIPm6BhxOhm5S
Kaela,ksowtermo@nsw.gov.au,$2a$04$K4Tp.kNOkpoH5erz.fxqAuwWVBd3V.OpBU7oNCbCEHf85Aho2bE4i
Zolly,zbarlingmp@exblog.jp,$2a$04$mr0ad/8RAHlh6YqJquhUtO.9zJsbTjdZfb2MsMLWVgjAoNjAgfSfy
Bradly,bnovotnamq@sbwire.com,$2a$04$heDqfjsqoCJ0JEouxHoUt.HI0KWaxYMxxyyVhSj2Ees6UovVzNoEK
Keane,kbowndmr@wikia.com,$2a$04$ia7HNPk0nvVavd93Ujz/Jum6bL4P/peiN59MdAD5X8q20dR4ML9Re
Gabbie,gbrozekms@webmd.com,$2a$04$C9k5i0U9LYwIWn18sRS3xeMyHUQPQN2kZwW/StzioLFcY7cZfQV1y
Granthem,gkeeneymt@amazonaws.com,$2a$04$PGF/qTAQlLWAC7i82aWV8OAaX1Su4WOoTBuf9eAMwRTogWG.0ARcW
Kile,kmagennymu@xinhuanet.com,$2a$04$8rTwI9NRPuL2QqEw/a8V4ezz.apf9mDu838MOxolp0z5uI/uTsQ/W
Tracie,tpaikemv@google.pl,$2a$04$JdQOq3wLS9YfKAFAUBWcNuaxbk7qaHVXf0oOLfcpXw2KLRZcnU/.W
Rosabel,rdanigelmw@cbc.ca,$2a$04$KkzcmV4zsvSFh.LIREl4Z.N4v3VKCiRbMsi37ATAKuO.LQxe98N72
Leland,lperellmx@parallels.com,$2a$04$LV2bn8tVxmreUqBkPvDwku7ARrt4r8PT8Nbc9FkNdGNPYFqoOXfwa
Adelina,ahallammy@oaic.gov.au,$2a$04$KVbp6yuCQ89UzHBrzhViPOBVFNvaetBrdqVwIDryqfeahyaxPvBeW
Misty,msnuggsmz@dailymail.co.uk,$2a$04$rZqoJA5tT5AYoz9/zcuBtOcK8VQbsQPTyI1FFXbVNMo3T4czgndRi
Vale,vjandan0@prnewswire.com,$2a$04$7JHHNPcKkBbNuP6HxkkQxOjypqclHqbbZdir5ngoEpl1uAS1AdKeq
Verile,vpietersenn1@wp.com,$2a$04$LXVKHM7P/ITj4bkah0/8KObC5pVmfYFvE9muRy8M/4LmhYNS3iTgK
Filippo,ffaiersn2@behance.net,$2a$04$5I0S3xGX6fIizzmphUX/1egBMSWQ3Xh9VQh7SEB6jFYkUtxngSDkC
Odelinda,osimmign3@istockphoto.com,$2a$04$.oX0PCTKT2h4Gd0.jn2aSeb2J4ZaW/7rhkepx/raWcLqGokXuAkXu
Sharline,sklausenn4@si.edu,$2a$04$vaI9hBw7DvMLTXg7ru9OAei9QayqSQnU7dQYhY5mM2UIqhFG.Zx2C
Kerry,kpuven5@issuu.com,$2a$04$YkkwJuvph9FhisAJ/YPMGuTBG.lqe11azMHtgh0rNpPChwM2elMom
Shepherd,swilkisonn6@exblog.jp,$2a$04$IzK1Grrh0ewwUj4vBYs2J.awrq1tjcUJrT7MJJX0j7xUUg6jnJaWi
Maudie,mashworthn7@statcounter.com,$2a$04$PI3nl5o7Ny8zUbmhuLDG..cKNNQ8IJPdnFLHCUX1vNlbLcYXQ8iLy
Corliss,chowickn8@bizjournals.com,$2a$04$lQVFbsovnx7678TBzChxxOjqrpAave4gaHJq37/fS3U/WF9TTXH/m
Elton,echippsn9@alibaba.com,$2a$04$y0qs4qERqcyYP.Eferv/4umyfJwIkWCDigtfHzfq7LkCsfs4sayU6
Jerry,jmacritchiena@shop-pro.jp,$2a$04$OD.8nagms2mnshvV8d92mucSCzBJExlqU.vfSy/dL0T0E.kXyYXqq
Freddi,fdigweednb@yolasite.com,$2a$04$r7Tc2Af9t3IUO/2o.OsGjuEelQQOK.kGTFnuHlGPyLBQ5Vi4Cjio2
Lilly,lrosnaunc@ihg.com,$2a$04$jfzP8J2ohgGyQSOoSyWbde3dw8jWEpsKm3F0XY7zejuXiWpeWgY8O
Dolli,dshakeladynd@nasa.gov,$2a$04$xcWiJk9DPnAEqy5UXiVC9Oh5xACI7Us6YPwirnlArQUajhmkwkwD2
Charin,cpeerne@tinypic.com,$2a$04$wGxQeU4LTwIgp3ovu9MHDuh0OY0QKB39QDs7WMpgHg1jtBS5lh8DW
Siward,slockyernf@cisco.com,$2a$04$rddL98idr/nCRRaEfoxcJuKls/ApkMuxzp86tGQl9809ExI8Ny/3u
Dix,ddalescong@wsj.com,$2a$04$ZxW35ab3toAr.W3jjsEQreYXlOqe7MJX.lL7soHS61Q8lbW3cJjSK
Edvard,edockraynh@bing.com,$2a$04$JdzTSpOb47HuY0DqWpf6cOvH930XnWnUA8yXdYkG4srC71vwi4Cte
Noreen,njearyni@gmpg.org,$2a$04$xgGJQGYC7CMvYeiTeD9RqevudRzxTMPcCEZcIyolFPTgHi6bKEefy
Lavinie,lwrennnj@youku.com,$2a$04$EXq12AP225pF81i20mmag.G1KjJfaTWdjJ4Vwj/K7F4ptrgBsbo0K
Elene,evasicnk@1688.com,$2a$04$TPj/ACDVqs4O14TsU5XXWuJaqN8mGh7s/PjSc6Ogu5nJ1DFNUXD7C
Bennett,bkeasynl@fastcompany.com,$2a$04$ZE5t8H27JDgaCU3o73FLVO6mnrZSzoUi8G9pI3PpQQstziwHYZ10m
Billy,bguswellnm@wunderground.com,$2a$04$nVV2egdYhQ/lhU5F.Fwgnue57ficegk5UHGgK9F.Ya/h35FH5opke
Kay,kcumberbatchnn@infoseek.co.jp,$2a$04$UP8JaYShbyTbXOffpsSJtuUlJGHZxdlKh/G4c/z7hz7eiBMtoI6ou
Sharity,smeikleno@time.com,$2a$04$G/guYkU1cHt1Fz7xdyf/7OyssShNMkTrnHhDWE0Fg/7Ba3QgTNNIO
Agace,aroderigonp@wikispaces.com,$2a$04$WCKRsFwu4md2/jzdNCB.7uVkBw1w2gLANk013rB86LQoIbvrQdw4O
Valida,vfrightnq@plala.or.jp,$2a$04$WyLKIBSiIyKCgCx48l4K9.98hJNA4TOuEyQJNVu8D1CqL.Ol75DSW
Rhodia,rfaucherandnr@w3.org,$2a$04$taoYuTKDkYZeEe2guAmyFe1F5DNwqqcjUL8Entxj4i1O1.FUWgBFi
Honor,hjozsans@mapy.cz,$2a$04$EXANqE49A.NLbbFZWQO6FOqzRohd1bhYKCtcx0bQ2pseK1lUEazcK
Janene,jstoatent@discuz.net,$2a$04$QoIJpsYhN.67yH8OkFe.yuFXFKSD.d6OBe5aU.l3/IQkjiHpVWOEO
Daphna,doxbroughnu@gizmodo.com,$2a$04$zyFiNMxGz4LVeqq4vmMF3.jnBp5TfSRQ9POCrY6Eno1GpL0Qw8fFy
Estell,emcpikenv@github.io,$2a$04$kjbawjb7Nl7723tpRNw.OOOLXh6AVAbX9pvGemS5F6OI4gbd5h1k6
Penny,pfedoronkonw@reference.com,$2a$04$F8tNLeE5i1F3rUsbtf8E7.n6.oBOrc2kln2VVarU2rBOFcpLsNw/q
Willy,wbengoecheanx@bbb.org,$2a$04$TLPNosqIJSo2vQ7qIBqjPOivO822DMBOcr3GvL2MQXxJgcBRGIfte
Forest,fmeachemny@mysql.com,$2a$04$cILuhBshhkBtlhsaN73aFOTTn2ooQPIhSYlIb4oODaFzPcWkgalRq
Janice,jbinfordnz@slashdot.org,$2a$04$Xz0eWOLJq/.WsgNbWsM7Vu0gFWF8G5eaTcmvgQiBT1LS4PoHEUx4y
Daveta,dcrottagho0@yolasite.com,$2a$04$xxcFCPDZXgknP/32SvhdIurFDuYBBoPzypGcdCYIVlBeHEwCaPyWC
Marlow,mfinnieo1@unesco.org,$2a$04$0X3QMZ4c1oXPCG3lxnDG5eydb34cQJbUPbT5XpX/WGhHxim2yRZfu
Nedi,nwalbyo2@addtoany.com,$2a$04$kmzrVYpynkHChJx30WI66.SQeaYBThonyVQ8ciP6kvLoZ2bfK9dnO
Morley,mgyfordo3@redcross.org,$2a$04$U6ELfScT6f/9gqEgvlJe5uDqEhkLZmNMgwdVMha7WBRp7xdJNOR9S
Rosalie,rcastilloo4@ibm.com,$2a$04$QgTO/Pdh14jO8DbhTjO88unP8m4ThuZEPEnfWIlCBRpOqtWSL3J6W
Minerva,mbarnardoo5@pagesperso-orange.fr,$2a$04$Jl73Bv7RtA4ndwCmsFulkuEIeB9TeZkb37usjna5TTmFeJbrKJQ5a
Mollee,mklaso6@aol.com,$2a$04$6lL/4ADiPz5Z2z2U3NElBume/a5DWV/YKkvsxlj6wqMx/cgC7RK46
Zaneta,zcoppledikeo7@xrea.com,$2a$04$iDZXJlOccNZ31XaG6xwscuegJSII/PJaZmVaTmqYmHrWLnCOr1xce
Priscilla,pyallopo8@wired.com,$2a$04$s546OZEG/qyWpYLIFdGDdOv8ma/qr41bgUlPcFZuLFLTS8vTuL3y6
Clerc,choffnero9@apple.com,$2a$04$yNpqcBnFyFG1RKdoFVKY9eyQLMbHO5P2kYtn6qrpqnQdu5eaCgFyS
Kara,kdanieleoa@youtube.com,$2a$04$RSpGzx/YSssga5CgzZDpmuWAiRNt4ex71g/Cv0oWvWDscRJiC8aoC
Rachele,rhugnotob@webnode.com,$2a$04$lUA46BFYkqhxdYfkk4/UteWgGTCxnoPGE0eAF2LOy3yCvWfBCOzvW
Ev,espohrmannoc@ihg.com,$2a$04$tFmDgTJ3vPMIjlUQBK5UkuoajW46yWjl6zkellkQeC4GQ8cS5o31a
Lennard,lclingoeod@discuz.net,$2a$04$o07tXJ5CnSRpdOn204sVluqyo0zoZyTM7RbIvH5OhjbwYjsTtIHKW
Morton,maslenoe@google.com.hk,$2a$04$dgSlcS3243kxT3TKQPfUHeqvTzD91dX76MydG4K/2OzxZ35uD.UIa
Rufe,rmaciaof@dmoz.org,$2a$04$QjRtvNkxZjWuIvoJiBvaFuGECrLCgCps9qRr6H2bsR/cKfy26bJUm
Simmonds,srichelog@xing.com,$2a$04$9xIV.1sbR7sw8SxB9KLisuYGLhOxarlOHn5E9wtT55OPN1OmIEsAa
Nicol,ndavidovitzoh@cocolog-nifty.com,$2a$04$37JL.ZsRwJcyUxNjBoPfQ.FsbsFf3jC/saVZ40kuDJCpxNvOeN1cC
Phillipe,phalahanoi@craigslist.org,$2a$04$kLLWM5KRrBD4bybEoA7Hq.9UkpUEpVTQdCnHOwRqC/JG1UeIdrM9a
Hilary,hgealleoj@people.com.cn,$2a$04$/E4fQyKE7hk6nwJGqztiNuF/VAvs.K9.g8Xho90XToMg8swq2kfRu
Elisabeth,estormesok@foxnews.com,$2a$04$af3llJA2hOCbath9XdKmXuTgDebwIFhdALWOuYYl5e94XLH7X.G9W
Frederic,ffatherol@google.es,$2a$04$w4nl1Ej/tLLJdDLFlq85UenkHEYytLAGJ8y7190rtdfr4iWQTUaTW
Cindelyn,cmacauleyom@vk.com,$2a$04$lOs3dmTHdChpgYXYBY1ZT.Su5UORjkA5.B5wrDoG2XTq6Oovhkbf.
Forbes,fkenefordon@sogou.com,$2a$04$IN1U3NU5vCJdt5X1YNxyI.0qZzhwx/5NNxSZyOVpdt8oUnYJn1O9u
Blair,bcoweyoo@wp.com,$2a$04$29qpYrVG7LF0IeLBEs9MKeKlxU8NFYmlv9AUhoVyjSLjimxR7rnve
Wendi,wgoldsburyop@over-blog.com,$2a$04$b7QYOSSeBpE9viPxUZeK3O8kuumbZlki61/tS7sKEp2v8LhOHfUUy
Gracia,gtereseoq@desdev.cn,$2a$04$l.0EL.3bT1pKL5PyNyGhq.gP59K0MyPVfoBw5o6VLgITap9j1Wqvu
Sophronia,sjamrowiczor@acquirethisname.com,$2a$04$EH5VIzjWpYvteBDUehtNyeX.M66qhDoxm1vTZoVH1PIO8J5flRk4i
Tansy,tbessellos@spotify.com,$2a$04$ZBGnodsds9Dzj1dgBVocx.mebMO7ob98vZL3LEBBgLqCjT3nIYVcG
Alexei,asothernot@meetup.com,$2a$04$lgzHSkKifof.1O0wGR3yOuRP0nDx51ULZef3383DbSoFNcZEVa.OG
Dionis,dflukesou@stanford.edu,$2a$04$S6v3Ej60CMxD5iR0X1btHO.YqHO5yvEQlVqwJ/ciG0eIsaKa57SH6
Siana,sblackerov@google.cn,$2a$04$QaxiddWIRriGxeN2SyUrXOCAsdQh7eT1SyL2D/iJsPKSor2nP0PeC
Harland,hgostageow@house.gov,$2a$04$O0bzuckpmBQN450.KpPDB.KC4KvUoKd4A72ZZK7OFHnjpHOafutA.
Renard,rgearox@apple.com,$2a$04$8UH5f5p6em/OSzC79nGdxe9bM84oMBtD6bZNiqG2k33elnUFXT.o.
Ryon,rleehaneoy@altervista.org,$2a$04$99cM4lk36HVj5IC7blfLGOFKv6N5xKe2lsEyjSXo/za6r41oovUMO
Charmine,cwoollandoz@google.com.br,$2a$04$UbFKA8W.HTDPa1bchrFyW.AajefZpckWKqOrnvDvRiNgFpQK8LVFW
Terri,tferberp0@altervista.org,$2a$04$YculW5vGb15R/RC.863F1.4OdAI6p2Q7vN1.FXuEv7DJU6gq7Wfqa
Ambrose,abeddoep1@army.mil,$2a$04$AFCrpEed184ahqxR9mBC.enVPDLNK04JU1eaGSzRIbbjfrJGvahBi
Drake,dcroxleyp2@ucoz.ru,$2a$04$Nx.wawgZnV0/J4mROcbmguJFdC1E2VAbLUqxJrmVfxu6h0l2pef3i
Trescha,tlazarp3@acquirethisname.com,$2a$04$y1SgJEDbRuapYt.ZwL7dxugaLGsX/L7rzz.a.8MUGvn6D2262Od92
Marybelle,mtrevithickp4@economist.com,$2a$04$bo1SM2/HSJQTr6CQ/qoPrOhJwPyJh4OGtrrBfxOp.D6t.xfT82ZG2
Stearn,spercifullp5@sciencedaily.com,$2a$04$FKGhh.O1CQzSY7lKfcvg3u6LrYc3.mpu3ImPx31IQhiDAwZwCXU3K
Dian,dhenkenp6@vistaprint.com,$2a$04$UH58xs9GLs9.BCwc0nUH7.o/dcYITMU1UmhYg2cAH.NMuXWf8A70W
Brina,bcoggonp7@uiuc.edu,$2a$04$3WhODx/dTRuFtmjIUgf3VeUS6WMEn9HnjoNR9CtfaLzIeExYtgoCe
Reinaldo,rhauxwellp8@4shared.com,$2a$04$YG5EObLxg.9Zk9ttEFPZOu.HR0qZn.ousT3LcVDchP8.VlpTaSwKW
Iolanthe,iduckhousep9@icq.com,$2a$04$cegvpaAG.ZPfr99d157.8OYlDh55o/1Z6TL7jidfyiUiUFeFe2jIe
Garvin,gwhittickspa@drupal.org,$2a$04$tms4PKtitXsOZHAY1uq89.iTwwiQ4HTrvV6qOxumwL90BL29Ktr0y
Gerald,gwoodburnpb@edublogs.org,$2a$04$.8efuG7tDYdlTw9CsaSTAOjTpZXfdAf9MGCrRSJwsfz6hw4Jy5DYO
Melony,mrosiellopc@clickbank.net,$2a$04$KLXQb8ub5zLOOEVdXWuJFuaQ7fb0rGU/k3.gxQvFJ8ACzNUCAP0S.
Clotilda,ccaminpd@lulu.com,$2a$04$Y2T2IF4VMcVc7pqxPIBNROmW5bUSCzb6iSUlwVksaz02lD0cfHkFi
Kathryne,kmacneachtainpe@tripod.com,$2a$04$lmY4PJ9Vk6hRWy1vmPyYHO2BLyr.KIHkvVM1Gu74kCLOQRoOm.bba
Leonid,lpoulettpf@mapquest.com,$2a$04$GQAGewFUhhVWQ1Y4/OM/b.R7INIefaIDlyLBlXPHzMEWjlc.gvTDK
Perren,pllorenspg@vinaora.com,$2a$04$8RYbhJUBPoefYSPCJjbsEeuR2HrT7CeXhNlCipuBvXmeIJWE1bvv6
Talbert,tkarpenkoph@ocn.ne.jp,$2a$04$wzqTQUp336m0YvfdmSsL8uPLH1QL.dBf88vnbM854KxcY1rYkHddu
Nathanael,nmaccartairpi@shareasale.com,$2a$04$eaBNY/DbAJ0qq7TFkowSC.YLylerpWb8hEVezcD2J8kesMs0.UfRy
Armand,aheathwoodpj@comcast.net,$2a$04$/OvimFrUa5/cPhZRqZJzUO.e9RqoIDy9ZJ7wgLdGhWdzdRJ.I/o7a
Humberto,hyeapk@harvard.edu,$2a$04$vOWT0lZIyiF2xaKmLsd.WeivrzmXBu1Culyps7G7fqmro38TrziOC
Gerry,ghitchampl@msn.com,$2a$04$nI4zJbrjHHg9YO/pyC7Y/e/87IDn2FyEZYSzkqnjRXw8y4obaq8s2
Susi,sscamadinepm@fc2.com,$2a$04$LzNQwNVEiHpopP0d8zM9YuTk9V.cHV0YPzZ20/x2jjmjLt1n3Fqa2
Irita,iginleypn@artisteer.com,$2a$04$pPW1HiorO0Q/MGnEBkhifuOhdaaSOt9LDxP.9hFGsNl2usZg/qsIa
Neysa,nclaysonpo@stumbleupon.com,$2a$04$hvlrlgyy3q4MR5wvEml/8u/U5QDX2FX4o91qjGZ8ElH40iovgsMAy
Theressa,tbernardezpp@blogspot.com,$2a$04$8L9eEO46YqdwKSakgPZmYOHb2ER4vGUnfGClEsG0SvYZp2myvOluO
Ole,obollompq@addtoany.com,$2a$04$wJzfZK4ljAswMePp4e5eG.pY9AfPyvqHWjaSX75kicrodr4xIhcmm
Constancia,cdjorevicpr@sitemeter.com,$2a$04$CNhcjqT/WwaXa3jf1JJ9teo7AMqzltCsqG0f2LGGVaSXlSCzVO0Vq
Benson,bpolendineps@aboutads.info,$2a$04$HsnbTeoKPnhUEv8tygMYWOdkXBRG/c7n5b69vn/hwOQ2Gag0eYgtW
Cleve,cblakeypt@mtv.com,$2a$04$A1a7mnpNWwCB.h9R5D3rWOFrG7XHni3vW1jckfrYQGMy/6JRiu2My
Kippar,kpinockpu@quantcast.com,$2a$04$ar8jGYPIp0c2MpKgVl/PzeEA89CEpoPH7/37mvp5trK.o41lfbqTW
Yulma,ymarjoribankspv@fema.gov,$2a$04$WrVptmA0rDr2MeLRb7WLge81wJGP1ag4PTqestkCKY/rXnv7w2wb6
Rhett,rmartinopw@dagondesign.com,$2a$04$VF/DIBkFiQfRmPY4yBzr0udXkICvo7qJ85ZBwh28Gfu.Q4oBHQsE6
Sallee,sbottomspx@slideshare.net,$2a$04$jYxsKJZTAGyJDKoIHqyGgOQG2JdKtMADgICqGnuk/MeE5oPbBIhnC
Carmelita,cmaccrackenpy@qq.com,$2a$04$TMTxVVshrlaWOwzzfcbBhevOy3BqDjM/m8IuA/K.2oY9V27A7A.uu
Benson,bcanapepz@npr.org,$2a$04$mnnZLPPitlJXexz1eacqq.9clRhA4aj4GjKCrAgf/tRB64X1Y6Y0u
Tirrell,tgeddisq0@squidoo.com,$2a$04$d2pYbxSba7Siu.GhbNTHWOx87.FMmYJCGgfUO9Bm4ONPEonD7Qja6
Corrinne,cjurcaq1@squarespace.com,$2a$04$sTw/suvSMh8oJlnjymbHqu5whhArX789.d8wutpcfAt7/Sih3YARC
Zuzana,zbrettq2@usa.gov,$2a$04$jtEfrCO044wzCNJzDfyMQu37h7UHPe/WuQ99W1Ef04ASno2iRlwDq
Chico,ccollingq3@diigo.com,$2a$04$1mBmgIvdTe9MV8eHy2iHjOBeZpk/6FPnto7HIKcHuTBkq8LLZ8IKy
Curt,ctubblesq4@flickr.com,$2a$04$IZqmWnRnHz7U.ogJIlJ83euUH9KOZBrhykJxK56vSc3Xgk4FeFC76
Koren,kmetzigq5@jalbum.net,$2a$04$WJLaMoy//7CNdJmVpCcCVeklb0roaWeuwkAc96YU5gY4mcNRqCA0u
Coriss,cherculesq6@hibu.com,$2a$04$a0y1xE7tRk8xWW6Qp5UITOIY/ST0JtOPe2H3JGLOqLVdJIsQ6filK
Harbert,hmcleeseq7@list-manage.com,$2a$04$R64s62o/6SjZ9JthL9YgDOM3Xe7XyroD2FLrR3pezysMpcA38xcCa
Hedwiga,hmoyserq8@furl.net,$2a$04$xmcc9ZXTdAhfp2qXlGQG4OchfOuJ47MYV5SqyGRf7KE89jdrO0X62
Theo,tchislettq9@ezinearticles.com,$2a$04$hsjexTjHa.cngozO5rDOmOne.cWHftq.p3jw9JPvseMyP4oNXWXYm
Tracee,tseverwrightqa@ifeng.com,$2a$04$HVKG7p3sJUA8tUPV2EoqPeifcAJ5xojDxaDEFwsikaawqIjAShray
Maximilianus,mlarkqb@auda.org.au,$2a$04$.FIz/790JoQgPrRIlSA/sOU3jDt/ruqYQTEyTtMIOpuAXZJvLFBCm
Nanete,njarredqc@storify.com,$2a$04$5FJTE2jFhgOGVq2mr5sj4edGtjF6QP5W/LH.9B4W5i2mzICVgZz.a
Kelila,kmarcoqd@jigsy.com,$2a$04$HNt3N2PGGliZ5qLucj16gub1dnaWauYDnvHkP0MiRr3dnUHcwHaCG
Tammi,thuntlyqe@ibm.com,$2a$04$8oOMyhwUj7F6YJ9PAKed0.LhgQ/1LaohFSEVDVSxtTdjrs5i3ixba
Loralee,lsherwoodqf@google.ca,$2a$04$5M4UWYx1JlJ2Wz.5HA/ZQueetGD5/gvDbAPzHBDH9Mbv0JTW/684S
Dre,dgrimleyqg@drupal.org,$2a$04$Q8e87SPMxkMNuRkyseDbP.C28OjJv5j5lsEdepru4xtFhkRd46piW
Mitch,mbertotqh@ucoz.ru,$2a$04$BSBaErqerwkBwwlMMe85D.d4aabHoJ804f2MgcrQnhEgLon0ewphW
Danny,dtullyqi@home.pl,$2a$04$INy1QdzZCL4wM/JW1JsjROUNzbz56LRihRj7g9Lor8R4HQAdBk5sK
Joscelin,jbainbriggeqj@mapquest.com,$2a$04$m1DDYGr6xouI7VGdWPQer.QA2oMLvSyU30cRuar3uXeN.eAIj499C
Raynell,rhugliqk@delicious.com,$2a$04$O/XSPPZ63GDaMsunw.Uzbu9LOZwfuVVgfsMwPsb7a.OG0IcUQSd0y
Georas,gfroschauerql@usgs.gov,$2a$04$i0aEDmHjZIqmSn.Zm.yx5OPa0FP35H9Bc02ieN2NSsoQgnmFE6/YS
Ilsa,ilampingqm@de.vu,$2a$04$aaT3ZIWGQrZS//wUsctK9.kw4K3q.QEGm7cNJzahvH6UVLnuO3dDu
Joanne,jmackledenqn@theatlantic.com,$2a$04$7BK04AfdnSzIMDHxJUvxv.FV8nodbFgVo7pGLxU7TXnCa3V8aD4Hy
Nero,njallandqo@ucla.edu,$2a$04$0guNX9DZ3F/bBWxxFN5FcuMBRqTpLlmLh.rT96E0pb7IgwaA4StCe
Viviyan,vlosselyongqp@google.co.uk,$2a$04$BjnE0StyuAjxwoiEZzv4rOf.R7GlBqXYDkIHBDtP0LAPMjB3qLxMa
Dante,dtheussqq@cdc.gov,$2a$04$CRp0qwur9RdgFmhKwAxIPe0zh2g9bVPFME54zBQwK6/cXnQD9Ai0i
Anny,alobeqr@twitpic.com,$2a$04$VFgJ4GS37n7wE3O0EvhhY.svCyskcyAW2zT33RtGH4ylkIsHlEoQa
Dasha,ddolanqs@networksolutions.com,$2a$04$n2aBbkG1tqjfyEpHBl6kGuJMMveYJWzju/pR0/ZeDxht.jR86FNRi
Susie,sdurantqt@time.com,$2a$04$JgS4FMxVV3UfB9bXzp3oJevjOU2zyiEHlzo8UOTATu/h.mNkqL6l.
Binni,bspringhamqu@stanford.edu,$2a$04$SH0pZOu2VaLwU47lbGCBDuFF8v6BVftsDf3gb5Mi5e9wmiIy2q4zm
Garreth,gelrickqv@dailymotion.com,$2a$04$.yB0dcGWmt//PkMBYb3Jl.hs.9obJwYIUp.i0GrxK2sDLogJHR2Dy
Tammie,thastingsqw@cornell.edu,$2a$04$VD4BvqxiCdHi5hFGkwkRb.CCLmI0X1vNYZVtk1NZ4eGskQHbMi9A6
Kennith,kslimmqx@furl.net,$2a$04$cF/eUDS2Elv6Y0P95KGWHu91uXJ9pbRUbKYs1uFW6vvyhamiu3jwy
Annis,agrutchfieldqy@prlog.org,$2a$04$t5aNTugzGainq5oNEE48c.RT/VvxlBX6zQQl9BirYa9mQgFMemHhS
Ingaborg,ifidginqz@tamu.edu,$2a$04$Mz7SBZRJjl64TEf2Cc9uqe0dHp/N65tDjwtMw1nXw0BgLIkGB82mm
Tammi,tcuseickr0@yellowpages.com,$2a$04$5cjsZ85Q7JRjjaTnqu/6peV9aPrrtYwDnkGgvZieVHHM5vKwEpHfa
Wilt,wleddier1@gnu.org,$2a$04$FXlLAKglfCh9wr2aqyV.de0Jqgo6N6h6D9/cw310HctJLIAWc.TJG
Liana,lpitmanr2@prlog.org,$2a$04$eGNV03B4ol9uryjnv/GdPOTR68CEMfsB2W2RL0q/KluUkI7ZwRuGu
Constancia,ckeastr3@disqus.com,$2a$04$B/npXz5r49LNWHLpSevsv.LAuRFTPPJgMivE8qrX4MjEVyjuSBwMS
Kelcy,kespinar4@mapy.cz,$2a$04$EtMigH3z2jCIOphfPH12iulSs4Due2uvd7zYgqfAuyV6UBJ.OkbkW
Fayth,fdudekr5@google.ca,$2a$04$PXlGwfhnmae37CYNa4gQ6.GAM1JGIyxsB7zZSmYRHp7eVqAZN.Gji
Phillipe,pestrellar6@mac.com,$2a$04$t71ZFIrlPzJTnIm8F3/bzeBIm4SotItCC1M2tScl7CCFOBmFwkhpe
Alexander,adonneelyr7@ft.com,$2a$04$p//Hc7rm4csyIzJYq9oDdeMHDNF5lKKi0ZbxN04QRR6fBeN8ohaU2
Larry,lstrondr8@163.com,$2a$04$yunW1BfBQXIEo/8o8gz67.HSHwEG4CxmxmXBUoMAkIAy2pR8DmDki
Carmella,clinsleyr9@behance.net,$2a$04$VTp2pkZyqzK6lt1/Fciq0uiwgsvk..mxSMpyb0ICjBwQxvLPkjLe2
Greta,gloreitra@seesaa.net,$2a$04$e7I.Zx3GZfuUPriQrJXjNezDcZAFYZL.ILGhIt6Oi9WXW6j3JTyHa
Cesaro,ccronrb@soup.io,$2a$04$RzaluDcF75kMfWB9fDQCIeeiTlYXgmmAFLHEfx6HyGvWgG04YLoz2
Fredia,fmcgairlrc@foxnews.com,$2a$04$.sg0CTzplUbiBjDFlAiLiOAPgK8Y4809QIZR.0QlYYqnRop17NoBq
Kennedy,kspadonird@stumbleupon.com,$2a$04$snWmhKzYVeC6ZYnzxEqR3u92NJgmK5K1fsQzBejU7CAVTGeoLIQEy
Marijn,msansamre@exblog.jp,$2a$04$9rT9LBXFVnZSio7H16azU.sYEVjJqBX3R8mgLRR0cZ3hv26K0Sb.6
Stafford,sgreedyrf@simplemachines.org,$2a$04$cHcBl4NBX/4JXPTjvAlFUe5qB01mmcs.QAK96nawww4l.OKEGoIFa
Claretta,ccomfortrg@oakley.com,$2a$04$FveSveFxzU064sTq6rwt6eUagqX1yr9kj38X.vIIkUX5PUzj4VTum
Jarrett,jnanirh@ezinearticles.com,$2a$04$9HP85BpW2E1Ikry9mTzi/OA5eUXOzaquKrJJm7VEpzjPjRCf5QpKe
Janessa,jlilleyri@rediff.com,$2a$04$1HvPsI7DNb8fYudOQjrQbuple3OZU68DR25G77J1cX1N9w3tRo5v.
Arlette,achrichtonrj@about.me,$2a$04$AfBbV5Ynx9BCfI.0hbREtuyV9Kqp0JOhxDNsB.YZ.N.iIzMqMOsX6
Dani,dmaccurtainrk@xrea.com,$2a$04$H.Q5Lt9tZRuSGfuEO.nPMuyJn.MMsux4ussPqbO1d7GI4gqU4PILa
Shelli,smeinrl@netscape.com,$2a$04$jveOvs79JeYHqJ3fqgalcOJ6T7kQtnB8Xm9mGn73YSQIfSd/1/eki
Adara,amessiterrm@princeton.edu,$2a$04$34tIQkJ0pgF/kGEdHEfzsuEuklMDqLu0E1cLgVvWzMtuUJU.Y7flC
Binnie,bhurranrn@godaddy.com,$2a$04$7TkUXO2fXLUsPqjA7FmKOumkvHDqp2po8StxeGFObAkiGuajlkMFK
Drusi,dkincadero@phoca.cz,$2a$04$mCQfpXD7pW0vYG/.ffaBMe06H33kVH3lOV95xCz1v9aIQANJsI28i
Olin,oerdisrp@zimbio.com,$2a$04$d3VFTMV8lCVoSKTtxyfRguqb5o6mATp1YSmSuV30wAxOlkrMcacuu
Morrie,mklaggesrq@instagram.com,$2a$04$My/7Bm1w8gPuL8bZw5FW1e39/YD/X3IACFZaQIXB6Lqrys9pgO1ly
Mattie,mblackmoorrr@icq.com,$2a$04$NDl5aIlZ1paH8TrXg3AIqekMOa9avUofiLM4hUkcfea1B/gpaY.MG
